hip,ra_deg,dec_deg,plx_mas,pm_ra_mas_yr,pm_de_mas_yr,vmag,b_v,hd
145,0.45598912,-3.02747891,7.98,18.9,-10.25,5.13,-0.128,224926
154,0.48996506,-6.01397169,7.86,46.62,-41.32,4.37,1.631,224935
301,0.93488487,-17.33597002,14.31,28.57,-7.28,4.55,-0.047,225132
443,1.33394073,-5.70783255,25.38,-8.29,88.19,4.61,1.029,28
677,2.09653333,29.09082805,33.6,135.68,-162.95,2.07,-0.038,358
746,2.29204036,59.15021814,59.89,523.39,-180.42,2.28,0.38,432
910,2.81628415,-15.46732287,52.94,-84.2,-269.31,4.89,0.487,693
1067,3.30895828,15.18361593,9.79,4.7,-8.24,2.83,-0.19,886
1170,3.66013628,-18.93268628,6.62,-27.15,-73.78,4.44,1.64,1038
1366,4.27306518,38.68167915,12.88,-50.01,-17.9,4.61,0.059,1280
1473,4.58210555,36.7853273,23.11,-66.51,-42.48,4.51,0.054,1404
1562,4.85701265,-8.82382948,11.26,-14.37,-37.84,3.56,1.214,1522
1645,5.14943435,8.19024803,8.26,-4.5,9.59,5.38,1.343,1635
1686,5.28010785,37.96869954,20.42,58.32,-39.65,5.16,0.442,1671
2548,8.09897908,6.95545461,12.36,45.91,3.54,5.69,-0.014,2913
2599,8.24994391,62.93178781,0.79,3.99,-2.1,4.17,0.13,2905
2912,9.22016239,33.71935227,4.97,15.23,-3.56,4.34,-0.123,3369
2920,9.24277921,53.89693161,5.46,17.77,-9.15,3.69,-0.196,3360
3031,9.63958024,29.312369,19.34,-229.41,-254.08,4.34,0.871,3546
3092,9.83165567,30.86122579,32.19,115.38,-83.05,3.27,1.268,3627
3179,10.12661349,56.53740928,14.27,50.36,-32.17,2.24,1.17,3712
3419,10.89678452,-17.9866841,34.04,232.79,32.71,2.04,1.019,4128
3455,11.04752272,-10.60927365,15.54,-6.96,-113.88,4.77,0.998,4188
3693,11.83495908,24.26737703,17.98,-101.23,-81.89,4.08,1.1,4502
3786,12.17039736,7.58520186,10.69,83.14,-50.48,4.44,1.5,4656
3821,12.27125262,57.8165477,167.99,1087.11,-559.65,3.46,0.587,4614
3849,12.35647376,-13.56101709,10.02,103.34,-105.83,5.59,1.325,4730
3881,12.45345723,41.07895474,4.8,22.68,-18.05,4.53,-0.136,4727
3885,12.47128657,27.71031105,9.4,86.54,-10.2,5.55,0.398,4757
3909,12.53218487,-10.64377045,64.69,-224.67,-228.44,5.17,0.514,4813
4366,13.99384283,27.20935396,11.94,-19.87,11.09,6.08,0.133,5382
4371,14.00627513,-11.26650685,6.24,-26.79,-8.01,5.35,1.505,5437
4427,14.17708808,60.71674966,5.32,25.65,-3.82,2.15,-0.046,5394
4436,14.18790699,38.49925513,23.93,152.78,36.82,3.86,0.13,5448
4463,14.30178237,23.41775997,13.44,-43.72,-46.06,4.4,0.94,5516
4510,14.4589515,28.9922356,4.63,5.28,-7.77,5.44,1.076,5575
4906,15.73606615,7.89007256,17.14,-80.57,25.88,4.27,0.952,6186
5131,16.42053152,21.4732162,13.67,44.3,-14.32,5.33,0.003,6456
5310,16.98795829,20.73932115,20.23,85.43,-85.81,5.56,0.121,6695
5346,17.09309979,5.6502213,27.84,-248.4,-165.49,5.51,0.334,6763
5364,17.14693197,-10.181928,27.73,215.81,-138.33,3.46,1.161,6805
5434,17.37550908,47.2418241,4.43,3.81,-13.02,4.26,0.012,6811
5447,17.43248991,35.62083048,16.36,175.59,-112.23,2.07,1.576,6860
5542,17.77471116,55.14994765,23.73,226.62,-19.34,4.34,0.17,6961
5544,17.7782219,31.42476555,5.82,-8.7,-12.02,5.15,0.261,7034
5571,17.86330901,21.03467568,7.42,41.66,-10.55,4.66,1.024,7087
5586,17.91494471,30.08972962,20.11,74.29,-37.61,4.51,1.092,7106
5737,18.43250986,7.57548895,22.09,141.66,-55.62,5.21,0.32,7344
5742,18.43723014,24.58376482,8.64,18.58,-21.26,4.67,1.047,7318
6061,19.4499337,3.61452038,14.83,-48.38,-22.37,5.13,0.071,7804
6193,19.86657455,27.26408682,10.49,26.21,-11.62,4.74,0.032,7964
6242,20.02049027,58.2316161,1.4,-1.31,-2.19,4.95,0.683,7927
6492,20.85396862,20.4689899,3.94,-5.59,-9.3,5.97,1.677,8388
6537,21.00604671,-8.18275372,28.48,-78.38,-206.88,3.6,1.065,8512
6686,21.45251267,60.23540347,32.81,297.24,-49.49,2.66,0.16,8538
6706,21.56366085,19.17232096,38.35,-26.8,10.16,5.35,0.395,8723
6999,22.52542506,47.00737711,11.26,0.64,-42.53,5.27,0.999,9057
7007,22.54559597,6.14393314,9.05,293.23,-46.36,4.84,1.372,9138
7097,22.87080776,15.34583101,11.09,25.73,-3.29,3.62,0.974,9270
7513,24.19990413,41.40638491,74.25,-172.57,-381.01,4.1,0.536,9826
7535,24.27483902,12.14151058,29.58,-74.9,9.96,5.54,0.347,9919
7607,24.49792651,48.62848641,18.76,60.9,-112.42,3.59,1.275,9927
7719,24.83757938,44.38612827,13.46,-20.49,14.95,5.01,0.883,10072
7818,25.14501739,40.57710624,4.79,16.67,-23.5,4.96,-0.068,10205
7884,25.35794814,5.48760445,8.86,-22.73,3.61,4.45,1.347,10380
8068,25.9150637,50.6887655,4.55,24.08,-13.59,4.01,-0.098,10516
8102,26.02136441,-15.93955597,274.17,-1721.82,854.07,3.49,0.727,10700
8198,26.34828629,9.15764102,12.63,70.82,38.99,4.26,0.942,10761
8645,27.86504416,-10.33494526,12.59,38.78,-38.04,3.74,1.136,11353
8796,28.27041595,29.57939727,50.87,12.02,-233.69,3.42,0.488,11443
8832,28.38235506,19.29409264,15.96,79.43,-99.1,3.88,-0.047,11502
8833,28.38890233,3.18747844,17.11,23.69,23.9,4.61,0.928,11559
8886,28.59868107,63.67014686,7.38,31.98,-18.66,3.35,-0.15,11415
8903,28.65978771,20.80829949,54.74,96.32,-108.8,2.64,0.165,11636
9110,29.33763922,17.8175894,4.95,34.28,-23.71,5.09,0.921,11909
9312,29.90828959,64.62163894,12.69,35.76,-15.22,5.29,0.002,11946
9347,30.0009367,-21.07777193,10.84,133.01,-24.53,3.99,1.554,12274
9487,30.51166929,2.76376048,23.45,33.29,-0.42,3.82,0.024,12446
9640,30.97466283,42.32984832,9.19,43.08,-50.85,2.1,1.37,12533
9884,31.79285757,23.46277743,49.48,190.73,-145.77,2.01,1.151,12929
10064,32.38550383,34.98739204,26.24,148.78,-39.13,3.0,0.14,13161
10306,33.19993262,21.21098318,33.19,162.52,4.07,5.23,0.457,13555
10324,33.25004577,8.8467523,9.01,-26.23,-14.4,4.36,0.878,13611
10644,34.26007346,34.22482985,92.2,1151.61,-246.32,4.84,0.607,13974
10670,34.32848216,33.84732099,27.73,44.91,-52.42,4.03,0.019,14055
10732,34.53144339,19.90116135,8.42,-16.07,0.9,5.58,0.011,14191
11345,36.48755111,-12.290452,6.17,-11.71,-11.37,4.88,-0.027,15130
11484,37.03965786,8.4600887,18.53,41.72,-14.46,4.3,-0.053,15318
11767,37.94614689,89.26413805,7.56,44.22,-11.74,1.97,0.636,8890
11783,38.02198846,-15.2443199,38.73,-80.92,-146.84,4.74,0.454,15798
12093,38.9687042,5.59330163,8.77,-28.89,-22.76,4.87,0.88,16161
12332,39.70416245,21.96144509,9.41,-7.08,-15.12,5.45,0.168,16432
12387,39.87061789,0.3285168,5.04,14.44,-2.53,4.08,-0.212,16582
12390,39.89054885,-11.87158159,36.99,172.01,-236.31,4.83,0.447,16620
12489,40.17097186,27.06100903,13.97,64.49,-27.29,5.3,0.081,16628
12706,40.82551897,3.23617162,39.78,-146.43,-145.27,3.47,0.093,16970
12719,40.86296031,27.70717078,8.82,3.51,-9.97,4.65,-0.122,16908
12770,41.03064356,-13.85867594,7.4,-7.58,-8.4,4.24,-0.122,17081
12777,41.04869991,49.22866639,89.03,334.03,-89.96,4.1,0.514,16895
12828,41.23488901,10.11421979,38.71,285.17,-30.4,4.27,0.311,17094
12843,41.27492276,-18.57265077,71.56,330.93,36.28,4.47,0.481,17206
13061,41.97683942,29.24742385,18.06,148.42,-125.76,4.52,1.112,17361
13209,42.49578911,27.26079044,20.45,65.47,-116.59,3.61,-0.1,17573
13254,42.64547584,38.31890838,25.54,195.68,-108.92,4.22,0.343,17584
13268,42.67413655,55.89552955,2.45,16.64,-13.76,3.77,1.69,17506
13288,42.75977464,-21.0039789,17.85,-39.0,-16.63,4.76,0.906,17824
13327,42.87319979,15.08212726,6.8,31.26,-23.29,5.52,-0.099,17769
13531,43.564427,52.76248991,13.15,-1.99,-4.53,3.93,0.758,17878
13654,43.9520949,18.33167607,8.08,-8.08,-14.91,5.76,1.452,18191
13701,44.10668245,-8.89760976,24.49,77.73,-219.99,3.89,1.088,18322
13847,44.5654818,-40.30473491,20.22,-53.53,25.71,2.88,0.128,18622
13879,44.69021034,39.66282739,10.02,25.88,-40.67,4.68,0.065,18411
13914,44.80305773,21.34044477,11.15,-13.04,-6.55,4.63,0.048,18519
13954,44.92873469,8.90740111,7.69,9.22,-14.92,4.71,-0.109,18604
14135,45.56991279,4.08992539,14.82,-11.81,-78.76,2.54,1.63,18884
14146,45.59830468,-23.62433613,37.85,-145.96,-55.76,4.08,0.163,18978
14168,45.6760804,-7.68546315,12.65,26.33,-3.55,5.32,0.941,18953
14293,46.06865515,-7.60089934,23.22,65.43,17.41,5.26,0.193,19107
14328,46.19912598,53.50645031,12.72,0.5,-4.19,2.91,0.716,18925
14354,46.29373754,38.84053298,10.03,128.69,-106.61,3.32,1.528,19058
14576,47.04220716,40.9556512,35.14,2.39,-1.44,2.09,-0.003,19356
14632,47.26201363,49.61350009,94.93,1262.29,-91.53,4.05,0.595,19373
14668,47.37345463,44.85788896,29.05,173.01,-142.05,3.79,0.98,19476
14817,47.82250605,39.61157075,10.69,-26.21,4.78,4.61,1.115,19656
14838,47.90695691,19.72669777,19.44,154.61,-8.39,4.35,1.033,19787
15110,48.72547816,21.04462873,9.59,-29.83,-77.15,4.87,-0.007,20150
15197,48.95844499,-8.8198405,27.18,-3.82,45.52,4.8,0.232,20320
15474,49.87904033,-21.7579421,12.63,51.35,32.2,3.7,1.614,20720
15737,50.68863399,20.7421051,10.23,-49.22,-14.88,5.1,1.231,20893
15863,51.08061889,49.86124281,5.51,24.11,-26.01,1.79,0.481,20902
15900,51.20349011,9.02906504,15.42,-74.25,-80.31,3.61,0.887,21120
16083,51.79217049,9.7327724,14.68,53.61,-38.12,3.73,-0.082,21364
16322,52.60198294,11.33648129,7.82,-11.71,-16.08,5.14,-0.041,21686
16335,52.64367585,47.99517199,9.23,1.56,18.13,4.36,1.367,21552
16369,52.71819576,12.93668186,9.05,18.94,-1.55,4.14,1.112,21754
16537,53.23509009,-9.45830584,310.75,-976.44,17.97,3.72,0.881,22049
16611,53.44686638,-21.63281597,11.02,44.91,-27.47,4.26,-0.106,22203
16826,54.12233383,48.19270068,4.66,21.41,-27.58,4.32,-0.058,22192
16852,54.21882896,0.40283316,72.89,-232.69,-482.0,4.29,0.575,22484
17351,55.70884185,-37.31334485,18.34,-90.81,-71.42,4.59,1.191,23319
17358,55.7311754,47.7876533,6.18,23.83,-41.93,3.01,-0.125,22928
17378,55.81231706,-9.76519868,110.58,-91.71,742.23,3.52,0.915,23249
17448,56.07969347,32.28827325,2.21,8.11,-10.32,3.84,0.022,23180
17499,56.21884811,24.1134484,8.8,21.55,-44.92,3.72,-0.105,23302
17529,56.29851422,42.57854437,5.86,-14.59,1.75,3.77,0.425,23230
17531,56.30200876,24.46737879,8.75,19.35,-41.63,4.3,-0.11,23338
17593,56.53542672,-12.1017353,6.56,55.59,60.03,4.43,1.604,23614
17651,56.71245432,-23.248438,55.79,-159.86,-528.54,4.22,0.434,23754
17717,56.91508473,-23.87479582,11.98,48.02,49.01,5.24,0.075,23878
17771,57.06771677,11.14336637,5.77,28.25,-29.82,5.08,-0.125,23793
17797,57.14926223,-37.62012878,20.23,75.83,-10.69,4.3,-0.038,24071
17847,57.29054669,24.05352412,8.57,17.77,-44.7,3.62,-0.07,23850
17874,57.36367035,-36.2001125,15.54,-49.42,-56.63,4.17,0.927,24160
17954,57.57881165,25.57964862,16.96,36.37,-117.95,5.24,0.231,23985
18216,58.42784574,-24.61221253,8.46,30.93,-7.18,4.64,-0.136,24587
18246,58.53299363,31.88365776,3.32,4.41,-9.15,2.84,0.271,24398
18532,59.46342138,40.01027315,6.06,12.61,-24.06,2.9,-0.199,24760
18543,59.50720862,-13.50824471,14.75,60.51,-111.34,2.97,1.588,25025
18614,59.74124892,35.79102701,1.84,1.92,2.3,3.98,0.016,24912
18673,59.98115045,-24.01625677,9.85,11.41,17.08,4.62,-0.121,25267
18724,60.17008591,12.49037571,8.81,-8.15,-11.98,3.41,-0.099,25204
18907,60.78907003,5.98930909,25.24,5.52,-1.63,3.91,0.032,25490
19038,61.17357446,22.0820679,18.04,91.73,-58.52,4.36,1.064,25604
19167,61.64606374,50.35135022,9.41,-13.03,-36.37,4.25,-0.011,25642
19205,61.75215574,29.00128762,36.26,-94.03,4.9,5.21,0.359,25867
19343,62.16530527,47.71259359,5.89,20.19,-33.26,3.96,-0.025,25940
19513,62.70783742,26.48103948,16.72,-30.81,-36.1,5.39,0.352,26322
19587,62.96638834,-6.8377787,25.98,11.92,81.28,4.04,0.327,26574
19811,63.72212566,40.48372394,5.2,9.72,-21.58,4.67,1.007,26673
19812,63.72440722,48.40937312,4.51,5.04,-17.35,4.12,0.935,26630
19849,63.8234923,-7.64455846,198.24,-2239.33,-3419.86,4.43,0.82,26965
19860,63.88352173,8.89240989,7.5,20.39,-21.75,4.27,-0.054,26912
19949,64.17960437,53.61180318,9.24,-16.99,-1.68,5.2,0.052,26764
19990,64.31535896,20.57874033,34.87,-40.88,-61.45,4.93,0.259,27045
20042,64.47341068,-33.79833145,18.27,62.31,-6.75,3.55,-0.108,27376
20070,64.56073112,50.29563944,10.25,46.59,-56.43,4.6,0.043,26961
20205,64.94805793,15.62770031,21.17,115.29,-23.86,3.65,0.981,27371
20250,65.08847817,27.35094069,9.53,-29.04,-76.97,4.97,1.15,27382
20354,65.38811942,46.4989629,7.03,21.41,-34.97,4.8,-0.022,27396
20430,65.6455435,25.62935771,12.19,20.37,-17.88,5.38,-0.041,27638
20455,65.73344722,17.5425843,21.29,107.75,-28.84,3.77,0.983,27697
20507,65.92033483,-3.74533244,15.66,-47.92,-56.73,5.17,0.072,27861
20535,66.00902233,-34.01698632,11.95,73.77,57.57,3.97,1.468,28028
20635,66.34207825,22.29398098,21.27,105.49,-44.14,4.21,0.136,27934
20711,66.57664484,22.81369394,21.07,108.66,-45.83,4.28,0.263,28024
20885,67.14346805,15.96221721,20.66,104.76,-15.01,3.84,0.952,28307
20889,67.15388879,19.18052092,21.04,107.23,-36.77,3.53,1.014,28305
21248,68.3776229,-29.76583186,26.22,-114.35,-271.56,4.49,0.972,29085
21393,68.88779874,-30.56231049,15.62,-48.92,-12.75,3.81,0.957,29291
21402,68.91347315,10.16091706,21.68,44.89,-52.42,4.25,0.184,29140
21421,68.98000195,16.50976164,50.09,62.78,-189.36,0.87,1.538,29139
21444,69.07975243,-3.352448,5.56,1.73,-4.54,3.93,-0.21,29248
21476,69.17264013,41.26485467,5.08,-5.42,-19.19,4.25,1.171,29094
21589,69.53917371,12.51087423,21.79,101.73,-14.9,4.27,0.122,29388
21881,70.56126452,22.95697545,8.14,-2.84,-20.33,4.27,-0.112,29763
22109,71.37558764,-3.25462465,6.13,17.27,-13.51,4.01,-0.148,30211
22449,72.45890935,6.96124744,124.6,463.44,11.62,3.19,0.484,30652
22509,72.65300943,8.90025258,16.84,-0.87,-31.57,4.35,0.01,30739
22549,72.80152507,5.60510146,2.59,-3.62,1.03,3.68,-0.157,30836
22565,72.84338884,18.83994085,17.27,79.66,-32.76,5.08,0.214,30780
22701,73.2236682,-5.45275591,14.39,-18.01,25.03,4.36,0.257,31109
22797,73.5628985,2.44067149,2.43,1.43,0.23,3.71,-0.179,31237
22845,73.7237672,10.15114511,27.04,40.08,-128.37,4.64,0.085,31295
22957,74.09300449,13.51457755,19.26,-77.77,-45.97,4.06,1.158,31421
23015,74.24840098,33.16613537,6.37,3.63,-18.54,2.69,1.49,31398
23123,74.63709525,1.71403506,3.42,-1.59,-7.93,4.47,1.369,31767
23364,75.35977051,-7.17397802,3.41,-0.23,5.16,4.8,-0.164,32249
23416,75.49222507,43.82331397,1.6,0.18,-2.31,3.03,0.537,31964
23453,75.61950025,41.07588953,4.14,8.88,-21.43,3.69,1.154,32068
23497,75.77376699,21.5900617,20.01,68.94,-40.85,4.62,0.155,32301
23607,76.1422432,15.40418059,8.15,18.4,-30.99,4.65,-0.064,32549
23685,76.36521705,-22.37085673,14.39,19.27,-72.35,3.19,1.46,32887
23767,76.62862102,41.23464074,14.87,30.6,-68.41,3.18,-0.148,32630
23835,76.86115023,18.64500711,63.02,536.05,18.51,4.91,0.657,32923
23871,76.95178565,20.41845485,18.8,-49.12,-31.33,5.28,0.118,32977
23875,76.96264146,-5.08626282,36.71,-83.39,-75.44,2.78,0.161,33111
23972,77.28659571,-8.75407607,1.86,0.0,-2.01,4.25,-0.187,33328
24010,77.42483084,15.59727157,10.24,-7.12,-16.14,4.81,0.313,33276
24244,78.07453075,-11.86914287,13.53,24.95,-31.22,4.45,-0.099,33802
24305,78.2328046,-16.20542901,17.69,45.66,-16.13,3.29,-0.11,33904
24327,78.30785422,-12.94128833,5.83,-12.22,-1.32,4.36,-0.094,33949
24436,78.63446353,-8.20163919,4.22,1.87,-0.56,0.18,-0.03,34085
24608,79.17206517,45.99902927,77.29,75.52,-427.13,0.08,0.795,34029
24674,79.40166225,-6.84438616,5.88,-15.31,-9.57,3.59,-0.115,34503
24822,79.81912416,22.09669104,15.83,19.62,-81.08,4.96,0.937,34559
24845,79.89385817,-13.17677698,3.03,-2.49,-4.74,4.29,-0.235,34816
24873,79.99596151,-12.31560456,9.83,-12.12,7.97,5.29,-0.104,34863
25247,80.98681839,-7.80795569,18.71,-13.91,-44.8,4.13,0.943,35369
25281,81.11923774,-2.39713844,3.62,-0.54,-3.21,3.35,-0.24,35411
25336,81.28278416,6.34973451,13.42,-8.75,-13.28,1.64,-0.224,35468
25428,81.57290804,28.60787346,24.89,23.28,-174.22,1.65,-0.13,35497
25473,81.70928405,3.09567718,2.3,0.34,-1.11,4.59,-0.199,35715
25539,81.9086835,21.93698219,4.69,1.75,-6.96,4.88,-0.14,35708
25541,81.91203061,34.47598643,8.14,-1.44,-38.81,5.08,1.4,35620
25606,82.06135971,-20.75923214,20.49,-5.03,-85.92,2.81,0.807,36079
25813,82.69603301,5.94821792,11.3,6.57,-32.45,4.2,-0.143,36267
25859,82.8030645,-35.47043592,11.77,28.36,-34.11,3.86,1.13,36597
25861,82.81054942,3.2921351,2.08,1.28,-0.89,5.46,-0.176,36351
25923,82.98275119,-7.30152625,2.11,-0.54,-4.44,4.62,-0.261,36512
25930,83.00166562,-0.2990934,3.56,1.67,0.56,2.25,-0.175,36486
25945,83.0531302,18.59424525,1.7,-0.34,-4.51,4.32,2.06,36389
25984,83.18197584,32.1920314,0.8,-1.81,-4.0,4.71,0.281,36371
25985,83.18255798,-17.82229227,2.54,3.27,1.54,2.58,0.211,36673
26126,83.5699587,3.76693355,9.45,-29.35,-15.82,5.32,0.051,36777
26207,83.78449043,9.93416294,3.09,-1.03,-1.86,3.39,-0.16,36861
26220,83.81592896,-5.38731536,-1.85,-0.92,0.13,4.98,,37020
26237,83.84650694,-4.83834045,4.15,4.29,-7.15,4.58,-0.183,37018
26241,83.85825475,-5.90989984,2.46,2.27,-0.62,2.75,-0.21,37043
26248,83.86300222,24.03963793,5.44,14.98,-20.22,5.37,-0.092,36819
26311,84.05338572,-1.20191725,2.43,1.49,-1.06,1.69,-0.184,37128
26451,84.41118447,21.14259299,7.82,2.39,-18.04,2.97,-0.148,37202
26563,84.72121589,-7.21270844,21.24,-15.0,-49.55,4.77,0.139,37507
26594,84.79644123,4.12146667,2.01,0.76,0.07,4.5,-0.098,37490
26634,84.91224975,-34.07404941,12.16,-0.1,-24.05,2.65,-0.12,37795
26640,84.93413604,25.89714891,6.58,9.75,-23.79,5.18,-0.15,37438
26727,85.18968672,-1.94257841,3.99,3.99,2.54,1.74,-0.199,37742
26777,85.32381426,16.53418318,4.36,5.42,-14.54,4.84,-0.125,37711
27072,86.11656241,-22.44748663,111.49,-292.42,-368.45,3.59,0.481,38393
27204,86.49955386,-32.30637997,2.52,3.01,-22.62,5.18,-0.274,38666
27288,86.73895728,-14.82194717,46.47,-14.84,-1.18,3.55,0.104,38678
27366,86.93911641,-9.66960186,4.52,1.55,-1.2,2.07,-0.168,38771
27468,87.25399777,24.56755473,6.25,12.07,-8.16,4.88,1.021,38751
27628,87.7398034,-35.76929225,37.94,55.74,404.68,3.12,1.146,39425
27654,87.82980343,-20.87751376,29.05,228.96,-647.96,3.76,0.984,39364
27673,87.87246934,39.14847936,15.17,8.48,0.39,3.97,1.132,39003
27810,88.2786848,-33.8014395,9.55,-4.52,32.4,4.88,-0.154,39764
27830,88.33184814,27.61228536,7.45,3.82,-9.58,4.56,-0.008,39357
27913,88.59618305,20.27641498,115.43,-163.17,-98.92,4.39,0.594,39587
27949,88.71160776,55.7069049,13.54,-3.65,17.2,4.96,0.052,39283
27989,88.79287161,7.40703634,7.63,27.33,10.86,0.45,1.5,39801
28103,89.10132627,-14.16803805,66.47,-42.23,139.02,3.71,0.337,40136
28199,89.38421613,-35.28330688,3.82,-2.65,11.19,4.36,-0.165,40494
28237,89.49857371,25.95391597,1.55,-2.85,-1.69,4.81,-0.088,40111
28328,89.78662719,-42.81510761,6.14,18.53,-11.45,3.96,1.146,40808
28358,89.88145972,54.28498197,23.22,86.31,-134.05,3.72,1.01,40035
28360,89.88237261,44.94743492,39.72,-56.41,-0.88,1.9,0.077,40183
28380,89.93015897,37.21276409,18.83,42.09,-73.61,2.65,-0.083,40312
28614,90.59579323,9.64736756,21.49,14.19,-37.44,4.12,0.17,40932
28716,90.9799315,20.13845865,0.1,2.19,-2.81,4.64,0.236,41117
28734,91.0300689,23.26363207,21.64,-2.6,-119.72,4.16,0.835,41116
29034,91.88180046,-37.25292114,4.28,0.9,0.3,5.0,-0.095,42167
29038,91.89300774,14.76852318,6.1,4.95,-21.18,4.42,-0.164,41753
29426,92.98498656,14.20881425,5.14,-1.59,-20.23,4.45,-0.18,42560
29434,93.01365054,16.13044684,4.21,5.57,-16.77,4.95,-0.149,42545
29655,93.71956952,22.50682376,9.34,-62.53,-10.24,3.31,1.6,42995
29696,93.84473576,29.49871224,19.31,-70.9,-261.73,4.32,1.021,43039
29704,93.85469568,16.14320591,6.8,1.61,-12.66,5.34,-0.101,43153
29800,94.11070845,12.2717103,51.0,83.07,186.28,5.04,0.431,43386
29807,94.13806399,-35.14073157,17.83,0.39,87.58,4.37,0.978,43785
30122,95.07827982,-30.06337656,9.7,8.0,3.81,3.02,-0.16,44402
30277,95.52852147,-33.43627251,13.75,-24.19,-52.48,3.85,0.858,44762
30324,95.6749475,-17.95591658,6.53,-3.45,-0.47,1.98,-0.24,44743
30343,95.73996302,22.51385027,14.07,56.84,-108.79,2.87,1.621,44478
30438,95.98787763,-52.69571799,10.43,19.99,23.67,-0.62,0.164,45348
30788,97.04257272,-32.58012947,8.03,-13.78,24.24,4.47,-0.169,45813
30883,97.24079361,20.2121672,6.49,-5.98,-14.08,4.13,-0.115,45542
31125,97.96403433,-23.41843727,1.59,-2.72,6.45,4.34,-0.245,46328
31416,98.76408302,-22.96483318,7.92,13.11,16.52,4.54,-0.035,46933
31592,99.17082883,-19.25570928,50.41,62.32,-69.91,3.95,1.037,47205
31681,99.42792641,16.39941482,31.12,-2.04,-66.92,1.93,0.001,47105
31685,99.44029869,-43.19592394,7.71,-0.43,-3.99,3.17,-0.103,47670
31700,99.47260802,-18.23745713,7.03,-6.86,-8.47,4.42,1.137,47442
32246,100.98304088,25.13115531,3.61,-5.93,-12.81,3.06,1.377,48329
32349,101.28854105,-16.71314306,379.21,-546.01,-1223.08,-1.44,0.009,48915
32362,101.3226398,12.89605513,57.02,-115.16,-190.91,3.35,0.443,48737
32759,102.46027285,-32.50848752,4.13,-9.18,4.04,3.5,-0.116,50013
32768,102.48390349,-50.61439973,17.85,34.23,-65.85,2.94,1.207,50310
32921,102.88770733,21.76123162,6.16,-6.11,-34.48,5.28,-0.02,49908
33018,103.1972503,33.96136985,16.59,-2.66,-47.67,3.6,0.102,50019
33152,103.53314518,-24.18422296,1.65,-3.46,5.02,3.89,1.74,50877
33160,103.54783633,-12.03859273,12.94,-139.04,-14.47,4.08,1.418,50778
33302,103.90582904,-20.13659348,34.21,51.35,39.75,4.66,0.374,51199
33345,104.0276949,-14.04344644,3.59,-1.7,6.89,5.0,1.182,51250
33347,104.03427636,-17.05424675,1.06,-2.46,1.91,4.36,-0.063,51309
33579,104.65644451,-28.97208931,7.57,2.63,2.29,1.5,-0.211,52089
33977,105.75613986,-23.83330131,1.27,-1.56,4.28,3.02,-0.077,53138
34045,105.93955493,-15.63325876,8.11,-0.81,-11.2,4.11,-0.112,53244
34088,106.02723079,20.57029939,2.79,-5.72,-0.96,4.01,0.899,52973
34444,107.09785853,-26.39320776,1.82,-2.75,3.33,1.83,0.671,54605
34693,107.78496505,30.24528065,10.81,-31.0,-48.4,4.41,1.261,54719
34769,107.96608486,-0.49278056,8.7,-0.22,6.68,4.15,-0.005,55185
35264,109.28568399,-37.09748689,2.98,-10.57,7.0,2.71,1.616,56855
35350,109.52336162,16.54047526,34.59,-46.09,-37.9,3.58,0.106,56537
35550,110.0307889,21.98233941,55.45,-18.72,-7.76,3.5,0.374,56986
35846,110.8689755,25.05060041,21.17,-66.59,-28.44,5.04,0.902,57727
35904,111.02377104,-29.30311979,1.02,-3.76,6.66,2.45,-0.083,58350
36046,111.43198371,27.79828561,25.9,-121.28,-84.43,3.78,1.024,58207
36188,111.78780121,8.28940893,19.16,-50.28,-38.45,2.89,-0.097,58715
36238,111.93497685,21.44554856,29.38,-49.56,-123.9,5.2,0.455,58728
36377,112.3078263,-43.30189129,17.74,-59.86,188.73,3.25,1.509,59717
36514,112.67754202,-30.96228313,1.86,-11.74,0.84,4.65,0.904,59890
36616,112.95154548,17.08622915,10.81,42.65,-75.39,5.45,1.126,59686
36850,113.65001898,31.88863645,63.27,-206.33,-148.18,1.58,0.034,60179
36917,113.8455718,-28.36927798,14.5,-66.9,-18.71,4.65,-0.111,60863
36962,113.98071783,26.89600343,13.57,-39.58,-108.08,4.06,1.54,60522
37096,114.34216663,-34.96857044,9.1,-13.65,16.53,4.53,-0.081,61330
37173,114.57519746,-25.36478805,5.92,-2.28,-6.7,4.69,-0.1,61429
37229,114.70783872,-26.8038924,7.18,-17.0,23.08,3.8,-0.159,61555
37279,114.82724194,5.22750767,285.93,-716.57,-1034.58,0.4,0.432,61421
37297,114.86397492,-38.3080602,5.68,-21.35,16.03,4.84,-0.189,61831
37300,114.86912974,17.67451551,6.13,2.26,1.34,5.04,1.616,61338
37648,115.88498187,-28.41095714,3.34,-13.62,29.79,4.63,1.632,62576
37677,115.95196716,-28.9548352,-0.37,-4.57,3.88,3.94,0.16,62623
37740,116.11195237,24.39812929,22.73,-22.45,-56.24,3.57,0.932,62345
37819,116.31376631,-37.96859848,2.35,-10.77,5.97,3.62,1.706,63032
37826,116.33068263,28.02631031,96.74,-625.69,-45.95,1.16,0.991,62509
37908,116.53122379,18.51016877,9.55,-75.55,-51.53,4.89,1.425,62721
38070,117.02156206,-25.93718054,1.32,-10.22,4.92,4.4,-0.07,63462
38164,117.30957923,-46.37322729,1.66,-4.62,9.04,4.1,-0.16,63922
38170,117.32357809,-24.85978401,2.42,-5.56,-0.71,3.34,1.218,63700
38414,118.05435622,-40.57579889,9.46,-13.89,5.3,3.71,1.012,64440
38455,118.16105542,-38.86282206,5.09,-9.49,4.02,4.49,-0.188,64503
38827,119.19475729,-52.98240062,8.43,-28.38,16.76,3.46,-0.177,65575
38835,119.21482616,-22.88014849,6.49,-29.61,12.28,4.2,0.718,65228
38901,119.41713237,-30.33458703,2.26,-8.11,7.14,4.76,0.151,65456
39177,120.19714045,17.30870968,4.52,-10.34,-2.73,5.6,1.317,65759
39429,120.89612561,-40.00318846,2.33,-30.82,16.77,2.21,-0.269,66811
39757,121.88625899,-24.30443677,51.99,-83.29,46.38,2.83,0.458,67523
39780,121.9410051,21.58197937,42.86,23.08,-67.23,5.3,0.642,67228
39953,122.38314727,-47.33661177,3.88,-5.93,9.9,1.75,-0.145,68273
40091,122.83958436,-39.61855304,1.74,-8.91,3.1,4.44,1.59,68553
40096,122.85790344,-42.98728888,0.7,-5.33,4.6,4.73,0.164,68601
40326,123.51202967,-40.34773028,10.5,44.84,-65.79,4.42,1.17,69142
40526,124.12895101,9.18566295,11.23,-46.8,-48.65,3.53,1.481,69267
41075,125.70887544,43.18837233,8.39,-25.62,-99.44,4.25,1.55,70272
41307,126.41529546,-3.90636482,26.09,-66.05,-24.2,3.91,-0.012,71155
41704,127.56679232,60.7184311,17.76,-134.31,-107.73,3.35,0.856,71369
41822,127.8990288,18.09455771,6.6,-60.05,-56.5,5.33,1.567,72094
41909,128.17718645,20.44127049,10.46,-44.65,-44.71,5.33,1.252,72292
42080,128.6507805,65.14527349,20.63,-47.06,-42.5,5.47,0.207,72037
42312,129.41100573,-42.98910371,2.27,-10.38,9.47,4.11,0.109,73634
42313,129.41419739,5.70379868,18.21,-70.27,-6.99,4.14,0.003,73262
42402,129.68936993,3.34147477,9.25,-19.03,-16.29,4.45,1.216,73471
42515,130.02556894,-35.30830091,8.4,9.68,-21.18,3.97,0.936,74006
42527,130.05374429,64.32787175,12.92,-59.42,26.44,4.59,1.179,73108
42536,130.07337168,-52.92197259,6.59,-24.62,35.09,3.6,-0.168,74195
42570,130.15656369,-46.64875492,1.05,-6.3,4.29,3.77,0.67,74180
42726,130.6058767,-53.11404062,6.8,-24.88,23.21,4.83,-0.173,74560
42799,130.80619315,3.39866539,6.99,-19.14,-1.29,4.3,-0.192,74280
42806,130.82172127,21.46859609,20.58,-106.94,-39.25,4.66,0.01,74198
42828,130.89811451,-33.18641133,3.86,-14.28,10.6,3.68,-0.18,74575
42884,131.09985828,-42.64932331,14.27,-23.88,19.46,4.05,0.874,74772
42911,131.17129209,18.15486399,23.97,-17.1,-228.46,3.94,1.083,74442
42913,131.17582214,-54.70856797,40.9,28.78,-104.14,1.93,0.043,74956
43023,131.50689464,-46.0415392,2.1,-12.23,4.82,3.87,0.015,75063
43103,131.67430955,28.76000509,10.94,-20.69,-43.95,4.03,1.007,74739
43109,131.6943593,6.41890691,24.13,-231.04,-40.17,3.38,0.685,74874
43409,132.63338051,-27.71005869,15.63,-133.49,88.16,4.02,1.272,75691
43813,133.84868687,5.9455277,21.64,-99.76,14.65,3.11,0.978,76294
43825,133.8813149,-27.68162589,14.4,83.0,-100.92,4.87,0.142,76483
44066,134.62165408,11.85777198,18.79,41.45,-29.22,4.26,0.141,76756
44127,134.80349479,48.04234956,68.32,-441.12,-215.21,3.12,0.223,76644
44191,135.02266724,-41.25373789,16.19,-40.67,54.59,4.45,0.646,77258
44248,135.16146765,41.78344401,60.86,-487.67,-219.29,3.96,0.463,76943
44390,135.63635792,67.62957486,11.35,-22.08,18.15,4.74,1.542,76827
44405,135.68444595,24.45293256,7.14,-2.56,-7.13,5.45,-0.041,77350
44471,135.90649494,47.15665934,7.71,-37.37,-55.39,3.57,0.007,77327
44659,136.49324097,5.09234249,2.69,-18.97,-11.01,4.99,1.189,77996
44700,136.63245022,38.45225024,4.81,-28.37,-14.34,4.56,1.037,77912
44798,136.93676819,10.66821521,6.74,-20.36,-9.96,5.23,-0.092,78316
44816,136.99907126,-43.43262406,5.69,-23.21,14.28,2.23,1.665,78647
44901,137.21827365,51.60472728,34.12,-137.81,-32.48,4.46,0.288,78209
44946,137.33972475,22.04544728,8.57,-0.48,-0.7,5.16,0.97,78515
45038,137.59802574,67.13423886,48.87,12.88,-90.85,4.8,0.489,78154
45075,137.72887992,63.51378087,26.79,99.16,-60.96,4.67,0.381,78362
45336,138.59080529,2.31502422,25.34,112.57,-306.07,3.89,-0.06,79469
45410,138.80781962,14.9415367,4.65,-39.61,-12.33,5.36,1.319,79554
45493,139.04699516,54.02171207,27.55,49.14,59.79,4.8,0.199,79439
45688,139.71111394,36.80289763,26.75,-32.61,-123.78,3.82,0.066,80081
45860,140.26441169,34.39252592,14.69,-222.8,14.78,3.14,1.55,80493
45941,140.52845511,-55.01069531,6.05,-10.72,11.24,2.47,-0.141,81188
46146,141.16366395,26.18244091,15.28,-31.13,-48.06,4.47,1.222,81146
46390,141.8968826,-8.65868335,18.4,-14.49,33.25,1.99,1.44,81797
46404,141.9454878,-6.07102871,32.01,-232.83,-65.21,5.38,0.642,81809
46509,142.28682816,-2.76895627,58.48,100.93,-3.15,4.59,0.411,81997
46651,142.67547063,-40.46688763,53.89,-147.14,48.65,3.6,0.371,82434
46701,142.80564072,-57.0343916,13.72,-32.58,6.08,3.16,1.538,82668
46733,142.88154025,63.06179545,43.2,107.55,26.86,3.65,0.36,81937
46750,142.93016816,22.96806545,9.69,-19.38,-39.04,4.32,1.541,82308
46771,142.98663458,11.3000307,13.67,-89.92,-84.0,4.99,1.046,82395
46776,142.99556148,-1.18465438,7.11,-11.42,-3.87,4.54,0.109,82446
46853,143.21802191,51.67860208,74.15,-947.06,-535.6,3.17,0.475,82328
46952,143.5557374,36.39761338,18.52,6.82,-22.89,4.54,0.914,82635
46977,143.62069943,69.83015419,30.89,-63.9,77.59,4.54,0.781,82210
47431,144.96389156,-1.14265722,11.83,47.81,-62.92,3.9,1.313,83618
47452,145.07657975,-14.33224542,6.33,-26.32,-19.25,5.07,-0.149,83754
47508,145.28799116,9.89239902,24.12,-143.67,-37.45,3.52,0.516,83808
47723,145.93292295,14.02170696,4.57,5.18,-6.13,5.36,1.61,84194
47908,146.4629267,23.77427792,13.01,-46.09,-9.57,2.97,0.808,84441
48319,147.74871542,59.03910437,28.35,-294.45,-151.75,3.78,0.291,84999
48356,147.86951033,-14.84654997,11.92,18.68,-21.88,4.11,0.918,85444
48402,148.02650069,54.06428574,7.47,-4.21,19.18,4.55,0.038,85235
48455,148.19149028,26.00708498,24.52,-216.29,-54.92,3.88,1.222,85503
48883,149.55579541,12.44483936,6.16,-25.28,-16.07,5.26,-0.035,86360
49029,150.05343468,8.04427686,6.21,-30.06,-22.11,4.68,1.589,86663
49402,151.28121856,-13.06467435,11.77,-37.48,19.9,4.6,-0.087,87504
49583,151.83313948,16.76266572,1.53,-1.94,-0.53,3.48,-0.031,87737
49637,151.9763285,9.99766389,11.89,-81.1,-64.2,4.39,1.448,87837
49669,152.09358075,11.96719513,42.09,-249.4,4.91,1.36,-0.087,87901
49841,152.64748785,-12.35383921,28.44,-200.33,-100.28,3.61,1.007,88284
50335,154.17251805,23.4173284,12.56,19.84,-7.3,3.43,0.307,89025
50372,154.27469564,42.91446855,24.27,-170.11,-42.64,3.45,0.029,89021
50583,154.99234054,19.84186032,25.96,310.77,-152.88,2.01,1.128,89484
50801,155.58251355,41.4994335,13.11,-80.47,34.1,3.06,1.603,89758
51069,156.52293768,-16.83609584,13.14,-128.51,-80.06,3.83,1.456,90432
51585,158.04916002,14.13720956,3.01,-40.94,24.71,5.43,1.696,91232
51624,158.20281305,9.30659431,0.57,-5.57,-3.59,3.84,-0.148,91316
52085,159.6458878,-16.87663687,14.52,-98.57,26.75,4.91,0.922,92214
52457,160.85429114,23.18838442,15.72,-116.66,8.27,5.08,0.042,92825
52689,161.60563681,14.19480263,11.34,-125.33,-64.92,5.49,0.908,93291
52911,162.31430258,10.54526139,9.76,-4.37,-24.39,5.32,0.035,93702
52943,162.40596699,-16.19413208,23.54,92.77,199.02,3.11,1.232,93813
53417,163.90353339,24.74975451,11.29,-78.41,-14.89,4.3,0.016,94601
53740,164.94478664,-18.29909723,18.71,-462.39,129.11,4.08,1.079,95272
53807,165.14016441,3.61753351,9.54,15.66,-16.24,4.84,1.144,95345
53824,165.18680144,6.10150342,21.61,-51.03,-22.24,4.98,0.166,95382
53910,165.4599615,56.38234478,41.07,81.66,33.74,2.34,0.033,95418
53954,165.58242155,20.17974575,26.37,-9.6,39.57,4.42,0.053,95608
54061,165.93265365,61.75111888,26.38,-136.46,-35.25,1.81,1.061,95689
54182,166.25512463,7.33612254,34.54,-344.41,-47.4,4.62,0.332,96097
54204,166.33346925,-27.29359566,22.98,-190.74,-6.87,4.92,0.369,96202
54539,167.41608092,44.49855337,22.21,-62.35,-27.38,3.0,1.144,96833
54682,167.91452617,-22.82560642,12.26,4.73,-99.06,4.46,0.025,97277
54872,168.52671705,20.52403384,56.52,143.31,-130.43,2.56,0.128,97603
54879,168.56017036,15.4297631,18.36,-59.01,-79.37,3.33,-0.003,97633
55203,,,,,,3.79,0.606,98230
55219,169.61981385,33.09423881,7.74,-26.61,27.51,3.49,1.4,98262
55282,169.83551103,-14.77904358,16.75,-124.47,206.61,3.56,1.112,98430
55434,170.28436733,6.02935289,15.24,-91.76,-12.83,4.05,-0.058,98664
55642,170.98070334,10.52969772,41.26,140.75,-77.8,4.0,0.423,99028
55687,171.15252245,-10.85938276,8.95,-24.14,24.46,4.81,1.556,99167
55705,171.22076335,-17.68401748,38.9,-97.01,3.22,4.06,0.216,99211
55765,171.4019142,16.45655059,21.15,-141.15,-4.89,5.58,0.39,99285
55945,171.98429124,2.85629071,5.25,17.32,-10.41,4.95,1.0,99648
56211,172.85120199,69.33112161,9.76,-41.14,-18.79,3.82,1.613,100029
56343,173.25107936,-31.85752405,25.23,-209.09,-41.6,3.54,0.947,100407
56633,174.17061875,-9.80225368,10.7,-59.32,2.82,4.7,-0.073,100889
56647,174.23720774,-0.82385424,18.31,1.3,43.43,4.3,0.983,100920
56922,175.05341839,-34.7446553,6.59,-44.04,-1.84,4.7,-0.07,101431
57283,176.19066226,-18.35061467,9.31,27.15,-24.56,4.71,0.958,102070
57328,176.32085333,8.25817475,27.29,59.66,-22.8,4.84,0.174,102124
57380,176.46487734,6.52981394,10.42,-19.65,-180.02,4.04,1.501,102212
57632,177.26615977,14.57233687,90.16,-499.02,-113.78,2.14,0.09,102647
57757,177.67202553,1.76537705,91.74,740.96,-271.18,3.59,0.518,102870
57936,178.22733867,-33.90813014,8.93,-58.02,2.4,4.29,-0.1,103192
58001,178.45725536,53.69473296,38.99,107.76,11.16,2.41,0.044,103287
58188,179.00409802,-17.15080863,11.42,-49.07,-8.23,5.17,-0.022,103632
58590,180.21829289,6.61439464,9.16,-0.25,-29.71,4.65,0.122,104321
58948,181.30279,8.73284563,19.08,-220.32,57.52,4.12,0.967,104979
59196,182.08976505,-50.72240999,8.25,-47.53,-6.42,2.58,-0.128,105435
59199,182.10313607,-24.72877993,67.71,100.18,-39.33,4.02,0.334,105452
59316,182.53135773,-22.61979211,10.75,-71.52,10.55,3.02,1.326,105707
59449,182.9131309,-52.36841559,9.53,-42.17,-18.39,3.97,-0.156,105937
59747,183.78648733,-58.74890179,8.96,-36.68,-10.72,2.79,-0.193,106490
59774,183.85603795,57.03259792,40.05,103.56,7.81,3.32,0.077,106591
59803,183.95194937,-17.5419837,19.78,-159.58,22.31,2.58,-0.107,106625
59847,184.08564668,23.94542332,13.12,-26.85,-5.91,4.93,0.957,106714
60129,184.97663096,-0.66674709,13.06,-59.14,-23.13,3.89,0.026,107259
60189,185.14046113,-22.21583387,8.47,-109.68,-27.71,5.2,-0.09,107348
60718,186.64975585,-63.09905586,10.17,-35.37,-14.73,0.77,-0.243,108248
60742,186.73469831,28.26861975,19.18,-83.41,-80.99,4.35,1.128,108381
60823,187.01004828,-50.2306048,7.36,-32.49,-12.41,3.91,-0.192,108483
60965,187.4665965,-16.51509397,37.11,-209.97,-139.3,2.94,-0.012,108767
61084,187.79137202,-57.11256922,37.09,27.94,-264.33,1.59,1.6,108903
61174,188.01868646,-16.19586556,54.92,-424.37,-58.41,4.3,0.388,109085
61281,188.37101041,69.78820992,6.55,-58.14,11.42,3.85,-0.116,109387
61317,188.43788561,41.35676779,119.46,-705.06,292.93,4.24,0.588,109358
61359,188.59680864,-23.39662306,23.34,0.86,-56.0,2.65,0.893,109379
61394,188.71299083,22.62918961,8.94,-57.42,28.53,4.8,0.012,109485
61622,189.42636588,-48.54128816,24.77,-186.61,-6.45,3.85,0.049,109787
61740,189.81171855,-7.99550439,10.24,-77.3,-24.66,4.66,1.24,110014
61932,190.38002079,-48.95988553,25.01,-187.28,-1.2,2.2,-0.023,110304
61941,190.41667557,-1.44952231,84.53,-616.66,60.66,2.74,0.368,110379
61960,190.47086482,10.23584294,27.1,82.62,-89.51,4.88,0.076,110411
62267,191.40467529,7.67331477,13.36,-108.93,4.53,5.22,0.322,110951
62434,191.93049537,-59.68873246,9.25,-48.24,-12.82,1.25,-0.238,111123
62956,193.5068041,55.95984301,40.3,111.74,-8.99,1.76,-0.022,112185
62985,193.58822553,-9.53894647,7.82,-18.26,-19.72,4.77,1.59,112142
63003,193.64857337,-57.17789116,8.64,-30.45,-13.55,4.03,-0.18,112092
63090,193.90201366,3.39759862,16.11,-471.44,-52.81,3.39,1.571,112300
63125,194.00767051,38.31824617,29.6,-233.43,54.98,2.89,-0.115,112413
63494,195.14982714,-3.3686079,9.47,-19.39,49.42,5.99,1.119,112992
63608,195.54483557,10.95910186,31.9,-275.05,19.96,2.85,0.934,113226
63945,196.56970994,-48.46325358,7.88,-29.72,-14.68,4.71,-0.148,113703
64078,196.97417871,-10.74038528,10.66,16.03,-9.38,5.15,1.138,114038
64238,197.48755015,-5.53892987,7.86,-35.08,-32.8,4.38,-0.008,114330
64407,198.01451923,-16.1979034,30.72,96.17,-287.23,5.04,0.46,114642
64924,199.60405,-18.30861062,117.3,-1069.9,-1063.78,4.74,0.709,115617
64962,199.7302224,-23.17141246,24.69,68.41,-41.09,2.99,0.92,115659
65109,200.15027321,-36.71208109,55.64,-340.76,-87.98,2.75,0.068,115892
65378,200.98091604,54.92541525,41.73,121.23,-22.01,2.23,0.057,116656
65474,201.2983523,-11.16124491,12.44,-42.5,-31.73,0.98,-0.235,116658
65581,201.68018558,-12.70761258,6.46,-128.56,-21.22,5.27,1.477,116870
65936,202.76111861,-39.40727983,2.6,-15.65,-11.25,3.9,1.186,117440
66006,202.99144179,-6.25571065,7.55,-103.8,-43.4,4.68,1.606,117675
66098,203.24204653,-10.16490767,12.36,-30.72,-37.96,5.21,0.964,117818
66249,203.673978,-0.59593821,44.55,-278.89,48.56,3.38,0.114,118098
66657,204.97196962,-53.46636269,8.68,-14.6,-12.79,2.29,-0.171,118716
66803,205.40346122,-8.70308218,7.13,-91.65,40.28,5.03,1.623,119149
66821,205.43672827,-54.55936543,12.05,-43.65,-24.58,4.99,-0.055,118991
67153,206.42319432,-33.04336606,51.91,-461.85,-146.17,4.23,0.39,119756
67172,206.48471128,-12.42654721,8.6,-19.18,8.0,5.5,0.898,119853
67234,206.66403516,-51.43269771,12.68,10.33,-27.98,4.64,0.955,119834
67275,206.81681937,17.45677436,64.12,-480.33,54.18,4.5,0.508,120136
67301,206.8856088,49.31330288,32.39,-121.23,-15.56,1.85,-0.099,120315
67457,207.36146356,-34.45063035,18.39,-42.59,-59.87,4.19,1.52,120323
67459,207.36957439,15.79780583,13.29,-93.64,40.76,4.05,1.52,120477
67464,207.3762392,-41.68765971,6.87,-26.01,-20.38,3.41,-0.225,120307
67472,207.40419934,-42.47368506,6.19,-23.85,-19.22,3.47,-0.17,120324
67494,207.468102,-18.13407618,13.48,-99.34,-37.71,4.96,1.059,120452
67627,207.85807331,64.72328281,8.33,1.45,-4.55,4.58,1.572,121130
67669,207.95677175,-32.99401625,10.96,-35.74,-30.14,4.32,-0.146,120709
67786,208.30228458,-31.92758624,4.87,-13.53,-10.74,4.75,-0.111,120955
67927,208.6713175,18.39858742,88.17,-60.95,-358.1,2.68,0.58,121370
67929,208.67581845,-1.50307142,12.84,-85.06,-21.93,5.16,1.093,121299
68002,208.88514539,-47.28826634,8.48,-57.14,-44.75,2.55,-0.176,121263
68245,209.56785278,-42.10070526,7.01,-23.68,-19.82,3.83,-0.224,121743
68282,209.6698807,-44.8035314,7.81,-27.97,-21.69,3.87,-0.208,121790
68523,210.43121648,-45.60336989,7.28,3.89,-20.94,4.34,0.598,122223
68702,210.95601898,-60.3729784,6.21,-33.96,-25.06,0.61,-0.231,122451
68756,211.09760837,64.37580873,10.56,-56.52,17.19,3.67,-0.049,123299
68862,211.5116084,-41.17958035,7.31,-24.42,-21.63,4.36,-0.198,122980
68895,211.59278733,-26.68201883,32.17,43.05,-140.82,3.25,1.091,123123
68933,211.67218608,-36.36869575,53.52,-519.29,-517.87,2.06,1.011,123139
69427,213.22392088,-10.274044,14.59,8.04,140.79,4.18,1.323,124294
69483,213.37062458,51.78999066,21.03,61.39,-10.57,4.53,0.233,124675
69673,213.91811403,19.18726997,88.85,-1093.45,-1999.4,-0.05,1.239,124897
69701,214.00368717,-5.99952622,46.74,-25.84,-419.84,4.07,0.511,124850
69713,214.04195627,51.36701398,33.54,-149.98,89.42,4.75,0.236,125161
69732,214.09656821,46.08791894,33.58,-187.42,159.01,4.18,0.087,125162
69974,214.77750771,-13.37116634,17.47,-17.12,29.39,4.52,0.128,125337
69996,214.85096972,-46.05808391,9.27,-12.81,-3.79,3.55,-0.184,125238
70090,215.13949709,-37.88526711,13.19,-64.5,-11.39,4.05,-0.03,125473
70104,215.17729569,-45.1868814,21.95,37.17,-73.61,4.78,0.31,125442
70300,215.75940538,-39.51176599,7.79,-24.32,-21.81,4.41,-0.185,125823
70497,216.30008064,51.85171354,68.63,-236.06,-399.07,4.04,0.497,126660
70576,216.54500648,-45.37926095,10.38,13.55,-6.35,4.33,0.434,126354
70692,216.88134383,75.69593921,9.46,8.71,22.09,4.25,1.431,127700
70755,217.05091806,-2.22795009,24.15,-140.94,-2.92,4.81,0.693,126868
71053,217.95774098,30.37114497,21.92,-100.44,120.22,3.57,1.298,127665
71075,218.01982421,38.30788348,38.29,-115.55,151.87,3.04,0.191,127762
71284,218.66954381,29.74480735,64.66,188.32,132.72,4.47,0.364,128167
71352,218.87688163,-42.15774562,10.57,-35.31,-32.44,2.33,-0.157,127972
71681,219.91412833,-60.83947139,742.12,-3600.35,952.11,1.35,0.9,128621
71795,220.28716819,13.72833113,18.07,52.36,-12.71,3.78,0.044,129246
71860,220.48239101,-47.38814127,5.95,-21.15,-24.22,2.3,-0.154,129056
71865,220.49005323,-37.79342394,10.69,-29.56,-30.68,4.01,-0.157,129116
71957,220.76484284,-5.6574291,53.54,104.23,-319.9,3.87,0.385,129502
72010,220.91451458,-35.17322549,15.89,-60.93,-176.82,4.06,1.356,129456
72105,221.24687869,27.07417383,15.55,-50.65,20.0,2.35,0.966,129988
72489,222.32954567,-14.14898587,13.86,-65.89,-14.79,5.32,0.066,130559
72607,222.67664751,74.15547596,25.79,-32.29,11.91,2.07,1.465,131873
72622,222.71990536,-16.04161047,42.25,-105.69,-69.0,2.75,0.147,130841
73273,224.63314193,-43.13386699,6.23,-34.06,-38.3,2.68,-0.184,132058
73334,224.79041254,-42.10414199,6.05,-17.76,-21.33,3.13,-0.208,132200
73473,225.24328191,-8.51893488,10.72,-66.2,-3.4,4.91,0.0,132742
73555,225.48663804,40.39063671,14.91,-40.2,-29.22,3.49,0.956,133208
73568,225.52713391,25.00825646,9.07,-5.88,-48.6,4.8,1.506,133124
73714,226.01775793,-25.28185602,11.17,-71.85,-44.69,3.25,1.674,133216
73745,226.11190457,26.94765981,13.04,-176.31,-4.52,4.52,1.24,133582
73807,226.27960699,-47.05119386,6.56,-23.39,-21.11,3.91,-0.144,133242
73945,226.65674312,-16.25676124,4.26,-36.41,-23.28,5.19,1.589,133774
73996,226.82477948,24.86959294,50.7,184.81,-163.51,4.93,0.429,134083
74087,227.09908475,26.30118271,7.77,1.14,-12.41,5.67,1.24,134320
74117,227.21095653,-45.27979406,8.02,-17.32,-26.11,4.07,-0.162,133955
74376,227.98400434,-48.73770212,17.89,-96.52,-47.97,3.88,-0.029,134481
74392,228.05546736,-19.79163143,8.66,-35.59,-32.55,4.54,-0.071,134759
74395,228.07167982,-52.09907465,28.06,-113.94,-71.0,3.41,0.918,134505
74596,228.62168817,29.16422593,14.4,-69.99,28.32,5.28,0.062,135502
74604,228.6555245,-31.51912564,2.86,-9.72,1.83,4.91,0.374,135153
74666,228.87543241,33.31510222,27.94,84.84,-110.57,3.46,0.961,135722
74785,229.25196591,-9.38286694,20.38,-96.39,-20.76,2.61,-0.071,135742
74857,229.45768699,-30.14866233,10.59,-8.71,-4.47,4.35,1.1,135758
74911,229.63353586,-47.87519201,11.22,-31.74,-32.82,4.27,-0.086,135734
75097,230.1822884,71.83397308,6.79,-18.03,17.68,3.0,0.058,137422
75141,230.34306833,-40.64745946,6.39,-19.11,-24.05,3.22,-0.227,136298
75264,230.67036465,-44.68957314,6.47,-20.25,-20.13,3.37,-0.191,136504
75312,230.80094284,30.28824114,53.7,125.77,-176.48,4.99,0.577,137107
75411,231.12306762,37.37696091,26.96,-147.68,84.69,4.31,0.309,137391
75458,231.2324337,58.96602354,31.92,-8.27,17.3,3.29,1.166,137759
75695,231.95771631,29.10549164,28.6,-181.39,86.84,3.66,0.319,137909
76041,232.94580142,40.89936876,7.59,-13.73,-14.92,4.98,0.086,138629
76127,233.23248309,31.35915517,10.49,-19.62,-8.94,4.14,-0.127,138749
76219,233.54383219,-10.06395962,34.54,305.62,-234.12,4.61,1.0,138716
76267,233.67162293,26.71491041,43.65,120.38,-89.44,2.22,0.032,139006
76276,233.7007926,10.53885916,15.54,-72.63,3.17,3.8,0.268,138917
76297,233.78525156,-41.16669497,5.75,-16.05,-25.52,2.8,-0.216,138690
76333,233.88141398,-14.78955365,21.42,65.67,6.93,3.91,1.007,138905
76470,234.25607748,-28.13507099,16.76,-13.26,-3.48,3.6,1.361,139063
76600,234.66410153,-29.77768935,7.33,-22.1,-26.54,3.66,-0.177,139365
76742,235.07043893,-23.81805841,8.55,-15.62,-8.18,4.97,1.302,139663
76852,235.38788463,19.67050566,16.97,-59.86,-43.23,4.51,0.062,140159
76880,235.48674445,-19.67857446,8.16,-33.21,-104.33,4.75,1.574,139997
76952,235.68599269,26.29551419,22.48,-112.52,50.7,3.81,0.02,140436
77048,235.99716849,32.51582804,13.11,-28.8,-8.69,5.57,1.076,140716
77055,236.01443312,77.79449901,8.68,20.07,-2.5,4.29,0.038,142105
77070,236.06664914,6.42551971,44.54,134.66,44.14,2.63,1.167,140573
77233,236.54672877,15.42192602,21.31,68.54,-41.31,3.65,0.073,141003
77257,236.61144121,7.35323973,85.08,-225.51,-68.52,4.42,0.604,141004
77450,237.18503586,18.1417793,9.36,-51.78,-88.72,4.09,1.616,141477
77512,237.39874182,26.06854936,19.71,-79.85,-63.78,4.59,0.794,141714
77516,237.40527375,-3.43014112,20.94,-98.07,-27.41,3.54,-0.036,141513
77622,237.70371344,4.4775798,46.39,127.98,61.87,3.71,0.147,141795
77634,237.7397573,-33.62710488,15.86,-5.92,-24.91,3.97,-0.045,141556
77661,237.81642977,20.97787548,8.26,-54.7,17.99,4.74,1.534,141992
77760,238.16747684,42.44998796,63.08,438.97,629.52,4.6,0.563,142373
77811,238.33358671,-20.16699405,9.15,-3.61,-19.0,5.04,-0.014,142096
77853,238.45615438,-16.7296223,20.02,100.12,135.27,4.13,1.003,142198
78072,239.11247598,15.66473327,89.92,311.2,-1282.17,3.85,0.478,142860
78104,239.22119438,-29.21401221,7.97,-15.2,-25.1,3.87,-0.199,142669
78106,239.22543843,-33.96415999,16.64,20.26,-49.68,5.59,0.072,142630
78159,239.39709121,26.87802632,14.2,-76.55,-60.24,4.14,1.231,143107
78207,239.54740116,-14.27931773,6.36,-12.29,-16.77,4.95,-0.08,142983
78265,239.71300283,-26.1140428,7.1,-12.0,-25.71,2.89,-0.18,143018
78384,240.03058543,-38.39664079,6.61,-16.58,-27.06,3.42,-0.206,143118
78401,240.08338225,-22.62162024,8.12,-8.67,-36.9,2.29,-0.117,143275
78493,240.36079431,29.85107821,9.29,-38.2,-6.9,4.98,-0.05,143807
78527,240.4737656,58.56443739,47.79,-320.07,334.96,4.01,0.528,144284
78554,240.57370453,22.80439543,18.42,4.57,24.04,4.82,0.066,143894
78592,240.69937951,46.03685378,8.68,56.01,-61.25,4.72,-0.094,144206
78727,,,,,,4.16,0.46,144069
78820,241.35931206,-19.80539286,6.15,-6.75,-24.89,2.56,-0.065,144217
78918,241.64815129,-36.80221297,7.94,-15.84,-31.06,4.22,-0.184,144294
78933,241.70180197,-20.66913479,7.7,-10.55,-23.73,3.93,-0.046,144470
79043,242.0189437,17.04699349,8.4,-34.29,-5.46,5.0,0.931,145001
79101,242.19249715,44.93481883,14.27,-25.98,35.86,4.23,-0.045,145389
79374,242.99891879,-19.46064684,7.47,-9.7,-25.25,4.0,0.076,145502
79404,243.07588221,-27.92631564,6.97,-10.31,-23.17,4.58,-0.172,145482
79593,243.58652601,-3.69397562,19.16,-45.83,-142.91,2.73,1.584,146051
79822,244.37708768,75.75470385,33.52,-89.94,257.8,4.95,0.393,148048
79881,244.57467023,-28.61377598,23.23,-33.79,-100.59,4.8,0.008,146624
79882,244.58016994,-4.69260809,30.34,82.39,40.08,3.23,0.966,146791
79992,244.93519958,46.31327084,10.37,-13.15,39.31,3.91,-0.151,147394
80112,245.29717718,-25.59275259,4.44,-10.03,-18.03,2.9,0.299,147165
80170,245.48018203,19.15302185,16.69,-47.44,44.61,3.74,0.299,147547
80331,245.99794523,61.51407536,37.18,-16.98,56.68,2.73,0.91,148387
80343,246.02582204,-20.03721137,18.32,-21.48,-47.53,4.48,0.996,147700
80463,246.35387324,14.03341514,13.87,39.39,-59.89,4.57,0.002,148112
80473,246.39633811,-23.44711764,8.27,-5.61,-25.04,4.57,0.227,147933
80569,246.75599294,-18.45619698,6.67,-5.58,-22.22,4.22,0.217,148184
80628,246.95094563,-8.37170055,26.67,-67.26,-12.6,4.62,0.185,148367
80763,247.35194804,-26.43194608,5.4,-10.16,-23.21,1.06,1.865,148478
80816,247.55525697,21.4896485,22.07,-98.43,-14.49,2.78,0.947,148856
80883,247.72850509,1.98410056,19.63,-31.37,-73.0,3.82,0.022,148857
80894,247.78497886,-16.61264015,15.53,-44.57,-38.04,4.29,0.924,148786
80975,248.03411079,-21.46647783,18.66,20.21,36.23,4.45,0.13,148898
81126,248.52578863,42.43689565,10.79,-9.03,59.8,4.2,-0.013,149630
81266,248.97066423,-28.21596156,7.59,-8.59,-22.5,2.82,-0.206,149438
81377,249.28970847,-10.5671518,7.12,13.07,25.44,2.54,0.038,149757
81660,250.22966425,64.58908555,4.79,-0.04,-16.18,4.84,1.212,151101
81693,250.32282132,31.60188695,92.63,-462.58,345.05,2.81,0.65,150680
81833,250.72391068,38.92246103,29.11,35.58,-84.98,3.48,0.916,150997
82080,251.49233961,82.03725071,9.41,19.54,4.67,4.21,0.897,153751
82396,252.54268738,-34.29260982,49.85,-611.83,-255.87,2.29,1.144,151680
82514,252.96766195,-38.04732717,3.97,-8.84,-21.6,3.0,-0.2,151890
82671,253.49886366,-42.36201968,-1.13,-0.48,-2.17,4.7,0.444,152236
82673,253.50209743,10.16544339,13.95,-53.75,-34.68,4.39,-0.088,152614
82729,253.64627156,-42.36075916,21.67,-126.55,-227.77,3.62,1.393,152334
82860,254.00566477,65.13467204,66.28,238.05,50.84,4.88,0.481,153597
83000,254.41779418,9.37505626,37.99,-293.03,-9.7,3.19,1.16,153210
83081,254.65512817,-55.99005508,5.68,-18.31,-35.29,3.12,1.552,152786
83153,254.89602773,-53.16049005,10.72,1.12,21.53,4.06,1.452,152980
83207,255.07252582,30.92633926,20.04,-47.68,26.89,3.92,-0.018,153808
83313,255.40149728,33.56826922,11.05,2.46,0.25,5.27,0.028,154029
83608,256.3340928,54.46986308,37.08,-66.0,73.86,4.91,0.471,154905
83838,257.00867045,35.93521504,18.55,-24.25,-17.05,5.41,0.309,155103
83895,257.19677111,65.71463676,9.6,-20.76,19.15,3.17,-0.12,155763
84012,257.59442659,-15.72514757,38.77,41.16,97.65,2.43,0.059,155125
84143,258.038233,-43.23849039,45.56,22.01,-287.41,3.32,0.441,155203
84345,258.66192687,14.39025314,8.53,-6.71,32.78,2.78,1.164,156014
84379,258.75801735,24.83958739,41.55,-21.14,-157.68,3.12,0.08,156164
84380,258.76189282,36.80915527,8.89,-27.35,2.7,3.16,1.437,156283
84405,258.83869698,-26.60004896,167.08,-473.69,-1143.93,4.33,0.855,155885
84606,259.41785775,37.29134328,18.34,-42.74,63.76,4.64,0.043,156729
84835,260.08811224,46.24068047,5.66,-29.83,40.92,5.51,1.586,157325
84880,260.2068148,-12.846882,16.86,42.75,2.72,4.32,0.037,156928
84893,260.25087615,-21.11243499,57.48,262.01,-204.74,4.39,0.394,156897
84970,260.50243371,-24.99948797,5.79,-8.84,-23.64,3.27,-0.186,157056
85112,260.92072033,37.14592396,8.12,-38.58,9.19,4.15,-0.011,157778
85258,261.32498828,-55.52982397,5.41,-8.23,-24.71,2.84,1.479,157244
85267,261.34858274,-56.37768824,2.87,-0.77,-15.85,3.31,-0.15,157246
85340,261.59257241,-24.17502346,38.96,-1.97,-117.69,4.16,0.283,157792
85379,261.68434277,48.26007218,8.98,0.22,-3.02,5.83,0.121,158414
85423,261.8386001,-29.86669942,29.26,14.38,-137.41,4.28,0.402,157919
85670,262.60823708,52.30135901,9.02,-15.59,11.57,2.79,0.954,159181
85693,262.68457505,26.1106045,8.88,18.39,16.78,4.41,1.434,158899
85696,262.69099501,-37.29574016,6.29,-4.19,-29.14,2.7,-0.179,158408
85755,262.85396193,-23.96258036,7.65,4.91,-25.9,4.78,0.016,158643
85792,262.96050661,-49.87598159,13.46,-31.27,-67.15,2.84,-0.136,158427
85805,262.9912082,68.13470186,15.02,-13.56,132.7,5.07,1.077,159966
85819,263.04340826,55.18411077,32.96,148.53,54.24,4.89,0.251,159541
85822,263.05373826,86.58632924,17.85,10.54,53.97,4.35,0.021,166205
85927,263.40219373,-37.10374835,4.64,-8.9,-29.95,1.62,-0.231,158926
86032,263.73335321,12.56057584,69.84,110.08,-222.61,2.08,0.155,159561
86092,263.91504719,-46.50559076,8.46,-25.13,-38.32,4.56,-0.02,159217
86182,264.15677461,48.58547866,9.91,31.75,64.13,5.35,1.142,160290
86201,264.23787472,68.75718933,42.62,1.34,321.05,4.77,0.43,160922
86228,264.32969072,-42.99782155,11.99,6.06,-0.95,1.86,0.406,159532
86263,264.39677181,-15.39840835,30.93,-39.3,-61.27,3.54,0.262,159876
86284,264.46133236,-8.11872126,5.94,-11.7,-20.38,4.58,0.132,159975
86414,264.86621847,46.00632216,6.58,-7.17,3.97,3.82,-0.179,160762
86565,265.35381884,-12.87517268,19.41,-72.16,-55.22,4.24,0.086,160613
86614,265.4846127,72.14949916,45.38,26.6,-269.77,4.57,0.434,162003
86670,265.62199908,-39.02992092,7.03,-6.49,-25.55,2.39,-0.171,160578
86736,265.85772897,-21.68308566,57.0,-97.93,-44.57,4.86,0.469,160915
86742,265.86823714,4.56691684,39.78,-40.67,158.8,2.76,1.168,161096
86974,266.61549553,27.72249917,119.05,-291.42,-750.0,3.42,0.75,161797
87072,266.89011276,-27.83076255,3.03,-3.62,-10.67,4.53,0.6,161592
87073,266.89617137,-40.12698197,1.82,0.44,-6.4,2.99,0.509,161471
87108,266.97322515,2.70745875,34.42,-23.15,-75.12,3.75,0.043,161868
87261,267.4643802,-37.04337105,25.71,42.09,27.77,3.19,1.192,161892
87585,268.38178961,56.87245216,29.26,93.65,78.44,3.73,1.177,163588
87808,269.06324389,37.25052158,4.87,2.74,7.24,3.86,1.35,163770
87833,269.15157439,51.48895101,22.1,-8.52,-23.05,2.24,1.521,164058
87933,269.44096106,29.24792527,24.12,82.33,-18.73,3.7,0.935,163993
87998,269.62562385,30.18926892,4.1,-0.48,3.23,4.41,0.38,164136
88048,269.75665662,-9.77334973,21.35,-10.31,-116.12,3.32,0.987,163917
88149,270.06582324,4.36864674,4.82,1.78,-12.95,4.79,-0.1,164284
88175,270.12050178,-3.69016112,43.11,154.17,-44.43,4.62,0.39,164259
88192,270.16131466,2.93158759,2.3,0.41,-8.22,3.93,0.029,164353
88290,270.43828967,1.30510936,12.31,15.43,-13.61,4.42,0.046,164577
88404,270.77046145,-8.18025785,19.22,15.11,-37.61,4.77,0.41,164764
88601,271.36338682,2.50243928,196.62,124.56,-962.66,4.03,0.86,165341
88635,271.45218586,-30.42365007,33.94,-55.75,-181.53,2.98,0.981,165135
88714,271.65782832,-50.09145462,3.22,-8.43,-9.26,3.65,-0.101,165024
88771,271.8375861,9.56365345,39.4,-61.6,79.71,3.71,0.159,165777
88794,271.88562824,28.76247025,9.39,-0.17,7.51,3.84,-0.018,166014
89341,273.44086963,-21.05883031,0.11,1.72,-1.39,3.84,0.195,166937
89642,274.4072049,-36.76128103,21.87,-129.27,-166.61,3.1,1.582,167618
89908,275.18933831,71.33772734,11.28,-5.91,35.79,4.22,-0.093,170000
89931,275.24842337,-29.82803914,10.67,29.96,-26.38,2.72,1.38,168454
89937,275.25974572,72.73369763,124.11,531.08,-351.59,3.55,0.489,170153
89962,275.32883578,-2.897122,52.81,-547.57,-700.72,3.23,0.941,168723
90156,275.97770388,58.8005852,17.31,-37.64,62.08,4.98,0.082,170073
90185,276.04310967,-34.3843146,22.55,-39.61,-124.05,1.79,-0.031,169022
90422,276.74345947,-45.96832919,13.08,-16.68,-53.33,3.49,-0.179,169467
90496,276.99278955,-25.42124732,42.2,-44.81,-186.29,2.82,1.025,169916
90887,278.08877815,-39.70390941,14.83,31.98,-37.62,5.16,0.079,170642
90905,278.14384287,57.04561627,1.13,0.32,-7.09,4.77,0.611,171635
90982,278.37566714,-42.31245871,3.76,32.48,-21.03,4.62,0.994,170845
91262,279.23410832,38.78299311,128.93,201.02,287.46,0.03,-0.001,172167
91755,280.65815094,55.53940044,8.96,-2.65,23.36,5.03,-0.07,173524
91875,280.94558795,-38.32331062,16.15,1.12,-53.81,5.11,0.075,172777
91919,281.08473883,39.66997686,20.1,10.55,60.23,4.67,0.17,173582
91971,281.19306613,37.60505025,21.23,29.26,26.57,4.34,0.192,173648
92041,281.41397083,-26.9907794,14.14,51.15,0.45,3.17,-0.107,173300
92308,282.21029394,-43.67999681,9.4,24.39,-20.84,5.46,0.133,173715
92405,282.47052043,32.55108873,13.7,-11.76,-12.76,5.22,0.1,174602
92420,282.51997462,33.36267788,3.7,1.1,-4.46,3.52,0.003,174638
92512,282.80002755,59.38828895,10.12,77.56,25.43,4.63,1.185,175306
92630,283.11335813,-46.59511945,3.41,29.04,0.14,5.51,1.641,174387
92761,283.54239695,-22.7448202,1.76,2.95,-5.7,4.86,1.412,174974
92782,283.59902616,71.29708956,9.47,48.59,42.11,4.82,1.151,176524
92791,283.62620294,36.89860518,3.63,-6.73,3.26,4.22,1.575,175588
92855,283.81631956,-26.29659428,14.54,13.87,-52.65,2.05,-0.134,175191
92946,284.05483475,4.20352956,24.73,37.69,26.98,4.62,0.161,175638
92989,284.16871114,-37.34318339,7.67,8.79,-23.68,5.36,-0.147,175362
93085,284.43241556,-21.10662433,8.76,34.91,-12.33,3.52,1.151,175775
93174,284.68114151,-37.10708855,33.43,-132.25,-110.45,4.83,0.396,175813
93194,284.73593568,32.68955312,5.14,-2.76,1.77,3.25,-0.049,176437
93279,285.00342257,32.14549051,2.12,6.13,9.75,4.94,1.465,176670
93506,285.65301428,-29.88011429,36.61,-14.1,3.66,2.6,0.062,176687
93542,285.77846922,-42.09499443,17.75,55.74,-45.33,4.74,-0.027,176638
93683,286.17055765,-21.74135451,23.49,76.26,-58.08,3.76,1.012,177241
93747,286.3525518,13.86370983,39.18,-7.04,-95.31,2.99,0.014,177724
93805,286.56229139,-4.88233456,26.05,-19.68,-90.37,3.43,-0.096,177756
93825,286.60433158,-37.06275714,55.89,96.93,-279.67,4.23,0.523,177474
93864,286.73517629,-27.66981416,27.09,-50.79,-250.51,3.32,1.169,177716
94005,287.08722077,-40.4966376,18.67,48.05,-26.84,4.57,1.07,177873
94114,287.36782635,-37.90423953,25.15,85.73,-96.65,4.11,0.042,178253
94141,287.44097404,-21.02352534,7.41,-1.17,-36.83,2.88,0.377,178524
94160,287.50730185,-39.34070677,6.42,5.89,-36.78,4.1,1.163,178345
94376,288.13814581,67.66131695,32.54,94.49,92.3,3.07,0.99,180711
94481,288.43953645,39.14596968,3.13,-1.59,-0.61,4.43,-0.15,180163
94643,288.88498822,-25.25660677,9.89,47.56,-31.16,4.86,0.569,179950
94648,288.8887238,73.35521457,21.73,-116.6,104.25,4.45,1.257,181984
94713,289.09206426,38.13372778,4.24,-0.49,1.23,4.35,1.258,180809
94779,289.27545794,53.36816064,26.48,60.22,122.93,3.8,0.95,181276
94820,289.40868994,-18.95288215,6.09,-10.05,-10.64,4.88,1.013,180540
95081,290.16696656,65.7144303,14.52,14.09,41.61,4.6,0.033,182564
95168,290.41823037,-17.84725155,26.79,-26.95,22.24,3.92,0.228,181577
95176,290.43175842,-15.95500233,1.95,1.79,-6.27,4.52,0.079,181615
95241,290.65952718,-44.45891013,8.62,7.31,-22.43,3.96,-0.085,181454
95347,290.97146411,-40.61564629,19.2,32.67,-120.81,3.96,-0.105,181869
95477,291.31854426,-24.50844892,14.78,63.61,-51.9,5.02,0.235,182369
95501,291.37396941,3.11457923,65.05,253.06,80.67,3.36,0.319,182640
95853,292.42641389,51.72946747,26.63,20.92,128.12,3.76,0.148,184006
95947,292.68035529,27.9596948,8.46,-7.09,-5.63,3.05,1.088,183912
96100,293.08577692,69.66540172,173.41,598.43,-1738.81,4.67,0.786,185144
96229,293.52178228,7.37931918,29.5,212.76,-155.39,4.45,1.176,184406
96441,294.11059344,50.22046347,53.78,-8.15,262.98,4.49,0.395,185395
96465,294.17662107,-24.88356664,17.24,68.7,-23.19,4.59,-0.075,184707
96468,294.18031892,-1.28655047,10.61,1.89,-20.75,4.36,-0.079,184930
96483,294.2227024,-7.02747069,2.24,1.29,-2.69,4.93,-0.046,184915
96665,294.79850093,5.39778241,4.78,2.08,-3.78,5.18,-0.001,185507
96683,294.84418456,30.1532335,13.0,1.95,36.07,4.68,0.971,185734
96757,295.02409394,18.01393839,6.89,15.09,-19.72,4.39,0.777,185758
96808,295.18058838,-16.29314555,13.31,69.65,-50.2,5.3,1.109,185644
96837,295.26222378,17.47612356,6.99,9.06,-33.9,4.39,1.041,185958
97063,295.88936752,-15.46965541,27.26,135.55,-185.17,5.49,0.46,186185
97165,296.24350878,45.13069195,19.07,43.22,48.44,2.86,-0.002,186882
97278,296.56487567,10.61326869,7.08,15.72,-3.08,2.72,1.507,186791
97290,296.59091351,-19.76089482,15.92,-128.89,-89.81,4.87,1.061,186648
97365,296.84693842,18.53425912,7.28,-4.58,11.1,3.68,1.313,187076
97433,297.04255658,70.26783533,22.4,80.18,39.02,3.84,0.888,188119
97496,297.24437005,19.14197806,9.99,17.91,26.47,5.01,0.095,187362
97649,297.6945086,8.86738491,194.44,536.82,385.54,0.76,0.221,187642
97675,297.75625098,10.4160539,51.57,240.09,-134.51,5.12,0.563,187691
97804,298.11818257,1.00567827,2.78,6.94,-7.3,3.87,0.63,187929
98032,298.81532954,-41.8684135,17.24,23.37,51.6,4.12,1.063,188114
98036,298.82819233,6.40793334,72.95,46.35,-481.32,3.71,0.855,188512
98066,298.95927101,-26.29968718,42.03,203.96,74.4,4.7,0.748,188376
98103,299.05930285,11.42370978,15.84,32.4,4.57,5.28,0.014,188728
98110,299.07665069,35.08349079,23.4,-34.0,-27.6,3.89,1.019,188947
98162,299.23677038,-27.1698625,2.7,9.6,-14.95,4.54,1.462,188603
98337,299.68911516,19.49209287,11.9,64.37,22.58,3.51,1.571,189319
98353,299.7382347,-26.19582739,9.58,34.5,24.74,4.84,0.882,189005
98412,299.93405965,-35.27624433,5.28,6.02,-25.15,4.37,-0.15,189103
98688,300.66441367,-27.70987972,7.28,32.28,14.35,4.43,1.64,189763
98702,300.7043634,67.87344872,8.02,16.43,47.8,4.51,1.313,190940
98823,301.03461172,7.27793427,6.19,14.24,12.97,5.51,1.063,190327
99255,302.22215174,77.71136178,9.97,11.11,23.72,4.38,-0.046,192907
99473,302.82610327,-0.82147569,11.36,35.48,6.05,3.24,-0.066,191692
99572,303.10731366,-12.61702214,35.65,193.25,-195.6,5.84,0.476,191862
99675,303.40792782,46.74132417,2.41,4.2,1.87,3.8,1.27,192577
99848,303.8679927,47.7142053,2.94,3.88,1.2,3.96,1.451,192909
100064,304.5134103,-12.54485877,30.01,61.78,2.85,3.58,0.883,192947
100195,304.84833016,-19.1185068,4.68,7.96,-10.9,5.28,1.394,193150
100310,305.16586145,-12.75904403,11.98,15.71,-14.63,4.77,-0.047,193432
100345,305.25269347,-14.78140119,9.48,48.42,14.0,3.05,0.79,193495
100453,305.55708346,40.2566815,2.14,2.43,-0.93,2.23,0.673,194093
100881,306.83001454,-18.21169433,4.9,10.32,-10.87,5.08,-0.049,194636
101027,307.21509857,-17.81366828,33.04,-15.79,-7.66,4.77,0.386,194943
101093,307.39511383,62.99413722,24.04,45.0,-13.31,4.21,0.199,195725
101123,307.47454931,-18.58298474,13.65,25.56,-79.45,5.94,0.062,195094
101138,307.51471567,48.95155039,3.75,10.01,7.64,4.94,-0.087,195556
101421,308.30318657,11.30333217,9.09,10.75,-28.54,4.03,-0.123,195810
101483,308.48748693,13.02720146,18.85,76.49,21.89,5.39,0.093,195943
101589,308.82711738,14.67418482,14.36,45.08,11.71,4.64,0.12,196180
101769,309.38695734,14.59520289,33.49,118.28,-47.65,3.64,0.425,196524
101800,309.45456696,11.37769664,18.4,40.01,-8.51,5.42,0.05,196544
101882,309.68326968,13.31512567,2.5,2.66,-0.39,5.69,1.509,196725
101916,309.7816354,10.08615196,33.27,323.58,21.07,5.07,0.702,196755
101923,309.81798449,-14.95471233,1.86,2.58,-19.66,5.24,-0.129,196662
101958,309.90939395,15.9120527,13.55,54.14,7.91,3.77,-0.057,196867
101984,310.01232708,-18.1386063,4.32,-22.73,-21.63,5.15,1.647,196777
102098,310.3579727,45.28033423,1.01,1.56,1.55,1.25,0.092,197345
102281,310.86477381,15.07468224,16.03,-19.61,-41.74,4.43,0.302,197461
102422,311.32195263,61.83679404,69.73,86.08,817.89,3.41,0.912,198149
102485,311.52402547,-25.27051682,68.16,-51.38,-156.66,4.13,0.426,197692
102488,311.55180091,33.96945334,45.26,356.16,330.28,2.48,1.021,197989
102532,311.66465833,16.12477326,32.14,-25.88,-196.27,4.27,1.042,197964
102589,311.85219564,36.49073658,3.71,14.93,-8.2,4.53,-0.083,198183
102618,311.91888574,-9.49568988,14.21,31.89,-35.32,3.78,0.0,198001
102978,312.95540084,-26.91912642,5.19,-7.97,-2.54,4.12,1.633,198542
103045,313.16335749,-8.98323782,21.01,47.06,-32.91,4.73,0.325,198743
103127,313.41730078,-39.80962825,7.92,44.22,-97.24,5.34,1.318,198716
103413,314.29338184,41.16719384,9.17,8.51,-23.97,3.94,0.027,199629
103738,315.32275695,-32.25776681,14.59,-2.09,-0.19,4.67,0.89,199951
103882,315.74156102,-38.63118269,28.32,-27.86,-108.81,5.32,0.424,200163
104019,316.10135259,-19.85493122,20.64,-39.01,-24.45,4.82,0.169,200499
104060,316.23273251,43.92785122,2.77,8.6,0.35,3.72,1.609,200905
104139,316.48658082,-17.23271095,20.61,79.64,-61.64,4.08,-0.01,200761
104234,316.78202266,-25.00574796,6.24,-27.19,-43.37,4.49,1.604,200914
104365,317.1400538,-21.19352539,17.06,18.67,-59.22,5.3,0.0,201184
104459,317.39830336,-11.37165474,19.93,92.31,-15.76,4.5,0.926,201381
104521,317.58529617,10.13194861,28.38,49.07,-151.85,4.7,0.262,201601
104732,318.23408977,30.22708128,21.62,6.87,-68.12,3.21,0.99,202109
104738,318.2621978,-39.42464394,29.96,187.36,-114.38,5.25,0.46,201772
104858,318.61995883,10.00771855,54.11,42.32,-303.43,4.47,0.529,202275
104887,318.69727757,38.04432043,47.8,195.74,410.02,3.74,0.393,202444
104963,318.90787714,-20.65169052,4.72,15.39,-2.24,5.17,1.161,202320
104987,318.95581976,5.2480739,17.51,59.63,-94.33,3.92,0.549,202447
105102,319.35396892,39.39469016,0.72,0.43,-3.61,4.22,0.098,202850
105140,319.48436063,-32.17248551,19.76,55.46,-22.12,4.71,0.07,202627
105199,319.64408982,62.58545529,66.84,149.91,48.27,2.45,0.257,203280
105515,320.56157261,-16.83455521,15.13,30.83,5.26,4.28,0.888,203387
105570,320.72325739,6.81111338,9.06,52.66,11.15,5.16,0.064,203562
105854,321.5947922,-37.82940289,11.82,167.05,-10.91,5.64,1.185,203949
105881,321.66678212,-22.41137838,8.19,-2.61,18.88,3.77,1.002,204075
106032,322.16489595,70.56069481,5.48,12.6,8.73,3.23,-0.201,205021
106039,322.18048346,-21.80716659,18.18,133.97,-5.47,4.5,0.889,204381
106278,322.88966951,-5.57115593,5.33,22.79,-6.7,2.9,0.828,204867
106723,324.27009487,-19.46601352,4.92,13.48,0.81,4.51,-0.18,205637
106786,324.43767522,-7.85414212,18.26,114.29,-24.44,4.68,0.175,205767
106944,324.88868707,2.24376298,13.55,-32.7,-84.17,5.1,1.034,206067
106985,325.02225935,-16.66225343,23.48,187.39,-22.33,3.69,0.32,206088
107095,325.38722004,-14.0468604,30.73,-122.06,-308.64,5.16,0.672,206301
107188,325.66423845,-18.86630105,11.22,145.9,-9.05,4.72,0.868,206453
107259,325.87689561,58.78005308,0.62,5.24,-2.88,4.23,2.242,206936
107315,326.04641808,9.87500791,4.85,30.02,1.38,2.38,1.52,206778
107354,326.16126755,25.64500284,28.34,46.66,13.47,4.14,0.425,206901
107380,326.2366159,-33.02555306,15.93,31.79,-94.0,4.35,-0.053,206742
107382,326.25102876,-9.08242443,4.08,12.96,-1.65,5.1,1.108,206834
107517,326.63366745,-11.36593201,11.1,30.36,-9.25,5.57,-0.002,207052
107556,326.75952199,-16.12656595,84.58,263.26,-296.23,2.85,0.18,207098
107608,326.93405546,-30.89830582,9.63,-34.53,0.64,5.02,0.042,207155
108036,328.32326591,-13.55180134,36.15,313.03,13.67,5.08,0.378,207958
108085,328.48189202,-37.3648229,16.07,95.88,-12.1,3.0,-0.084,207971
108661,330.20922938,-28.45373726,3.22,14.81,0.3,5.43,-0.095,209014
108874,330.82845686,-2.15533588,8.56,24.81,-11.14,4.74,-0.1,209409
108917,330.94650782,64.62775425,32.07,214.46,89.29,4.26,0.379,209790
109068,331.4195499,5.05828453,12.38,101.6,101.19,4.86,1.443,209747
109074,331.44593869,-0.31982656,4.3,17.9,-9.93,2.95,0.969,209750
109139,331.60918894,-13.86954013,18.9,40.45,-57.16,4.29,-0.075,209819
109176,331.75197729,25.3450461,85.06,296.73,26.93,3.77,0.435,210027
109285,332.0956383,-32.98839827,25.01,80.05,-28.88,4.5,0.054,210049
109410,332.49688603,33.17826747,12.96,-12.34,-17.94,4.28,0.471,210459
109427,332.54924902,6.197789,33.77,281.96,31.23,3.52,0.086,210418
109472,332.65610232,-11.56495901,5.81,29.74,8.02,5.43,-0.117,210424
109492,332.71359131,58.20124992,4.49,13.35,4.49,3.39,1.558,210745
109556,332.87743467,59.41451451,1.98,-7.22,-11.06,5.05,0.192,210839
109789,333.57806796,-27.76691218,6.42,22.88,1.9,5.45,-0.121,210934
109857,333.75699582,57.04346522,38.86,476.45,50.0,4.18,0.278,211336
110003,334.20819329,-7.78323706,17.04,118.95,-21.91,4.17,0.979,211391
110273,335.04961499,-7.82110592,4.39,15.21,1.61,5.35,-0.048,211838
110395,335.41374983,-1.38735315,20.67,129.24,8.9,3.86,-0.057,212061
110672,336.31921857,1.37739245,2.96,18.38,3.35,4.8,-0.171,212571
110778,336.64228154,-16.74214759,49.8,209.77,3.96,5.55,0.618,212697
110960,337.20750231,-0.02006304,31.53,191.32,37.47,3.65,0.406,213051
110991,337.29269975,58.4151899,3.32,16.47,3.55,4.07,0.778,213306
111045,337.44142048,-27.10723481,23.76,119.31,-20.31,5.95,0.362,213135
111123,337.66172918,-10.67788619,12.29,1.79,-26.26,4.82,-0.053,213320
111188,337.87620651,-32.34602798,21.99,59.64,-18.7,4.29,0.011,213398
111497,338.83887054,-0.11736123,17.77,88.56,-56.1,4.04,-0.083,213998
111710,339.43925419,-4.22776291,13.92,-68.36,-120.47,5.04,1.14,214376
111954,340.16385653,-27.0436148,4.38,22.01,-0.88,4.18,-0.105,214748
112029,340.36531181,10.83139111,15.64,77.38,-10.98,3.41,-0.086,214923
112051,340.43920724,29.3076892,10.7,-2.03,-19.96,4.8,-0.013,214994
112158,340.75053573,30.22130866,15.18,13.11,-26.11,2.93,0.852,215182
112211,340.89688564,-18.83030716,6.73,-31.4,-28.02,4.68,1.358,215167
112440,341.63267663,23.56567939,8.26,56.99,-10.46,3.97,1.07,215665
112447,341.67267295,12.17408381,61.54,233.06,-492.04,4.2,0.502,215648
112529,341.88828134,-19.61287445,12.26,-102.2,-205.95,5.24,0.941,215721
112716,342.39795761,-13.59253756,8.58,-12.58,-38.8,4.05,1.57,216032
112724,342.42046735,66.20071089,28.27,-66.1,-124.74,3.5,1.053,216228
112748,342.5004181,24.60168486,27.95,144.11,-43.44,3.51,0.933,216131
112935,343.09902715,9.83555733,37.25,521.86,44.1,5.16,0.487,216385
112948,343.13149128,-32.87545019,14.67,-33.32,-22.15,4.46,-0.037,216336
112961,343.15360192,-7.57967878,8.33,19.51,32.71,3.73,1.626,216386
113136,343.6626635,-15.82075994,20.44,-44.08,-24.81,3.27,0.066,216627
113186,343.80676809,8.81609536,11.55,81.88,29.03,4.91,-0.003,216735
113246,343.98705005,-32.53970196,19.14,10.84,30.32,4.2,0.952,216763
113368,344.41177323,-29.62183701,130.08,329.22,-164.22,1.17,0.145,216956
113726,345.48019377,42.32597866,4.71,22.47,0.24,3.62,-0.099,217675
113881,345.94305575,28.08245462,16.37,187.76,137.61,2.44,1.655,217906
113889,345.9691938,3.82006998,6.62,12.86,-10.13,4.48,-0.115,217891
113963,346.1900702,15.20536786,23.36,61.1,-42.56,2.49,-0.002,218045
113996,346.29047874,-7.69381853,17.31,123.46,7.07,5.44,0.312,218060
114119,346.67003033,-23.7431168,17.32,59.9,0.53,4.48,0.892,218240
114341,347.36150879,-21.17248555,13.96,55.99,31.25,3.68,1.202,218594
114375,347.47865379,-22.45759248,6.26,35.92,-7.79,4.71,0.674,218640
114724,348.58055219,-6.0485268,14.68,46.22,-195.85,4.22,1.545,219215
114855,348.97198728,-9.08769554,21.97,368.56,-17.02,4.24,1.107,219449
114939,349.21229368,-7.72646619,5.09,-18.66,-15.43,4.93,1.613,219576
114971,349.28955677,3.28224524,24.92,760.35,17.96,3.7,0.916,219615
115033,349.47584844,-9.1824899,10.13,19.63,-9.64,4.41,-0.144,219688
115227,350.08557117,5.38145156,9.56,78.53,-59.35,5.05,1.204,220009
115250,350.1592632,23.7403592,19.5,30.48,-9.14,4.58,0.18,220061
115438,350.7429228,-20.10034505,20.14,-120.27,-96.7,3.96,1.082,220321
115623,351.3444225,23.40401243,18.83,193.12,36.47,4.42,0.617,220657
115669,351.51173897,-20.64186122,10.57,-50.13,-62.97,4.38,1.46,220704
115738,351.73293881,1.25583758,20.12,85.6,-94.43,4.95,0.036,220825
115830,351.99236589,6.37909727,20.54,-123.83,-43.26,4.27,1.062,220954
116247,353.31927128,-20.91452506,10.18,-2.55,8.64,4.7,0.02,221565
116584,354.3904487,46.45917621,38.74,159.22,-421.46,3.81,0.984,222107
116591,354.41474582,-13.06030596,11.5,34.83,25.77,5.66,1.025,222093
116631,354.53407969,43.2680761,6.49,27.72,-1.21,4.29,-0.083,222173
116727,354.83742516,77.63196681,72.5,-48.85,127.18,3.21,1.031,222404
116758,354.94598676,-14.22204281,24.38,51.8,-55.58,4.97,0.257,222345
116771,354.98675133,5.62735374,72.51,376.32,-437.0,4.13,0.507,222368
116805,355.10184089,44.33397776,19.22,81.33,-18.96,4.15,-0.071,222439
116901,355.44082263,-17.81653327,5.07,13.93,0.11,4.82,0.822,222574
116928,355.51200741,1.7804172,32.38,-129.55,-154.87,4.49,0.2,222603
116971,355.68035357,-14.54474243,21.16,98.35,-66.78,4.49,-0.032,222661
117089,356.05025914,-18.27692862,9.84,27.6,-3.76,5.24,-0.084,222847
117629,357.83884091,-18.90915459,10.16,26.6,-3.56,5.17,-0.122,223640
117863,358.59598888,57.49939052,0.28,-4.54,-3.45,4.51,1.19,224014
118209,359.66837736,-3.55580738,14.58,-56.52,-72.34,4.88,0.93,224533
118243,359.75220729,55.75494069,2.14,9.26,-5.09,4.88,-0.071,224572
118268,359.82750994,6.86359373,30.78,148.49,-112.16,4.03,0.419,224617
