baily,hip,id_quality,ptolemy_mag,mag_qualifier
1,11767,1,3,
2,85822,1,4,
3,82080,1,4,
4,77055,2,4,
5,79822,1,4,
6,72607,1,2,
7,75097,2,2,
8,70692,1,4,
9,41704,1,4,
10,42080,2,5,
11,42527,1,5,
12,44390,1,5,
13,45038,2,5,
14,46977,1,5,
15,45075,1,4,
16,46733,1,4,
17,48319,1,4,
18,48402,2,4,f
19,46853,1,3,
20,44127,1,3,
21,44471,1,3,
22,45493,1,4,
23,44901,1,4,
24,54061,1,2,
25,53910,1,2,
26,59774,1,3,
27,58001,1,2,
28,50372,1,3,
29,50801,2,3,
30,54539,1,4,b
31,55219,1,3,
32,55203,1,3,
33,62956,1,2,
34,65378,1,2,
35,67301,1,2,
36,63125,1,3,
37,61317,1,5,
38,45860,1,4,
39,45688,1,4,
40,46952,1,7,
41,44248,3,7,
42,44700,1,7,
43,41075,1,7,
44,83608,1,4,
45,85819,1,4,b
46,85670,1,3,
47,87585,1,4,
48,87833,1,3,
49,90156,1,4,
50,91755,1,4,
51,90905,1,4,
52,92512,1,4,
53,95081,1,4,
54,94376,1,4,
55,97433,1,4,
56,98702,1,4,
57,96100,1,5,
58,92782,2,5,
59,94648,1,5,
60,86614,2,4,
61,89937,1,4,
62,89908,1,4,
63,85805,1,6,
64,86201,2,6,
65,81660,1,5,
66,82860,1,5,
67,83895,1,3,
68,80331,2,3,
69,78527,1,4,b
70,75458,1,3,
71,67627,1,4,
72,68756,1,3,
73,61281,2,3,
74,56211,1,3,
75,99255,1,4,
76,116727,1,4,
77,106032,1,4,
78,105199,1,3,
79,102422,1,4,
80,101093,1,4,
81,108917,1,5,
82,112724,1,4,b
83,109857,1,5,
84,109492,1,4,
85,109556,1,5,
86,107259,1,5,
87,110991,1,4,
88,69483,1,5,
89,69713,1,5,
90,70497,1,5,
91,69732,1,5,
92,71075,1,3,
93,73555,1,4,b
94,74666,1,4,b
95,75411,1,4,
96,76041,1,4,
97,75312,2,4,b
98,74596,1,5,
99,73996,2,5,
100,74087,2,5,
101,73745,1,5,
102,73568,1,5,
103,72105,2,3,
104,71284,2,4,
105,71053,1,4,b
106,71795,2,3,
107,67927,2,3,
108,67275,1,4,
109,67459,1,4,
110,69673,1,1,
111,76267,1,2,b
112,75695,1,4,b
113,76127,1,5,
114,77048,1,6,
115,76952,1,4,
116,77512,1,4,
117,78159,1,4,
118,78493,1,4,
119,84345,1,3,
120,80816,1,3,
121,80170,1,3,
122,79043,1,4,
123,84379,1,3,
124,85693,1,4,b
125,86974,1,4,b
126,88794,1,4,b
127,87998,1,4,b
128,87933,1,4,
129,81693,1,3,
130,83207,1,5,
131,83313,1,5,
132,83838,1,3,
133,84380,1,4,
134,84606,1,4,
135,85112,2,4,b
136,87808,1,4,
137,86414,1,4,
138,84835,1,6,
139,85379,1,6,
140,86182,1,6,
141,81833,1,4,b
142,81126,1,4,
143,79992,1,4,b
144,79101,1,4,
145,78592,1,4,
146,77760,1,4,
147,76041,6,4,
148,80463,2,5,
149,91262,1,1,
150,91919,1,4,b
151,91971,1,4,b
152,92791,2,4,
153,94481,1,4,
154,94713,2,4,
155,92420,1,3,
156,92405,1,4,f
157,93194,2,3,
158,93279,1,4,f
159,95947,1,3,
160,96683,1,5,
161,98110,1,4,b
162,100453,1,3,
163,102098,1,2,
164,97165,1,3,
165,96441,1,4,
166,95853,1,4,b
167,94779,1,4,b
168,102488,1,3,
169,102589,1,4,b
170,104732,1,3,
171,103413,1,4,b
172,104060,1,4,b
173,99675,2,4,
174,99848,1,4,
175,101138,2,5,
176,104887,1,4,b
177,105102,1,4,b
178,2920,2,4,b
179,3179,1,3,
180,3821,1,4,
181,4427,2,3,b
182,6686,1,3,
183,8886,2,4,
184,9312,3,4,
185,5542,1,4,
186,6242,1,5,
187,118243,2,6,
188,2599,1,4,f
189,746,1,3,
190,117863,2,6,
191,,1,9,
192,13268,1,4,
193,14328,1,3,f
194,12777,1,4,
195,13531,1,4,
196,14632,1,4,
197,15863,1,2,
198,16335,1,4,
199,16826,1,4,
200,17358,1,3,
201,14668,1,4,
202,14576,1,2,
203,14817,1,4,
204,14354,1,4,
205,13879,1,4,
206,20070,1,4,
207,19167,1,4,
208,19343,1,4,
209,19812,1,4,
210,20354,1,5,
211,21476,1,5,
212,17529,1,4,b
213,18532,1,3,
214,18614,1,4,
215,17448,1,3,f
216,18246,1,3,b
217,19811,1,5,
218,19949,1,5,
219,13254,1,7,
220,28358,1,4,
221,27949,1,4,
222,24608,1,1,
223,28360,1,2,
224,27673,1,4,
225,28380,1,4,b
226,23416,1,4,b
227,23767,1,4,b
228,23453,1,4,
229,23015,1,3,f
230,25428,1,3,b
231,25984,2,5,
232,25541,1,5,
233,,5,6,
234,86032,1,3,b
235,86742,1,4,b
236,87108,1,4,
237,82673,1,4,
238,83000,1,4,
239,80883,1,4,
240,79593,1,3,
241,79882,1,3,
242,86284,1,4,
243,88048,1,4,f
244,88404,2,4,
245,84012,1,3,
246,84893,1,4,b
247,84405,1,4,
248,84970,1,4,b
249,85340,1,4,
250,85755,2,5,
251,86736,3,5,
252,81377,1,3,
253,80894,1,5,b
254,80569,1,5,
255,80343,1,5,b
256,80975,1,5,
257,80473,1,4,
258,88149,1,4,
259,88192,1,4,
260,88290,1,4,
261,88601,2,4,
262,88771,1,4,
263,76852,1,4,
264,77661,1,4,
265,78072,1,3,
266,77233,1,3,
267,77450,2,4,
268,78554,1,4,
269,76276,1,3,
270,77257,1,4,
271,77070,1,3,
272,77622,1,3,
273,77516,1,4,
274,80628,1,5,
275,84880,1,4,
276,86263,1,4,b
277,86565,1,4,
278,88175,1,4,
279,89962,1,4,b
280,92946,1,4,
281,98337,1,4,
282,97496,2,6,
283,97365,1,5,
284,96757,1,5,
285,96837,2,5,
286,98823,1,4,
287,98036,1,3,
288,97649,1,2,b
289,97675,2,3,f
290,97278,1,3,
291,98103,2,5,
292,96229,1,5,
293,96665,1,5,b
294,93747,1,3,
295,97804,1,3,
296,99473,2,3,
297,95501,1,4,b
298,96468,1,3,
299,96483,2,5,
300,93805,1,3,
301,101421,1,3,f
302,101800,1,4,f
303,101916,1,4,
304,101769,2,3,f
305,101958,2,3,f
306,102281,1,3,f
307,102532,1,3,f
308,101483,1,6,
309,101589,2,6,
310,101882,2,6,
311,104987,1,7,
312,105570,1,7,
313,104521,1,7,
314,104858,1,7,
315,677,1,2,f
316,1067,1,2,f
317,113881,1,2,f
318,113963,1,2,f
319,115250,1,4,
320,115623,1,4,
321,112158,1,3,
322,112051,1,5,
323,112440,1,4,
324,112748,1,4,
325,112029,1,3,
326,112447,1,4,
327,113186,1,5,
328,112935,1,5,
329,109427,1,3,
330,109068,1,4,
331,107315,1,3,b
332,109410,1,4,b
333,109176,1,4,b
334,107354,1,4,b
335,3092,1,3,
336,2912,1,4,
337,3031,1,4,
338,1473,1,4,
339,1366,1,4,
340,1686,1,5,
341,116631,1,4,
342,116805,1,4,
343,116584,1,4,
344,3693,1,4,
345,4463,1,4,
346,5447,1,3,
347,4436,1,4,
348,3881,1,4,
349,9640,1,3,
350,8068,1,4,f
351,7607,1,4,b
352,7513,1,4,
353,7818,1,4,
354,5434,1,5,
355,6999,1,5,
356,7719,1,5,
357,113726,2,3,
358,8796,1,3,
359,10064,1,3,
360,10644,1,4,
361,10670,1,3,
362,8832,1,3,f
363,8903,2,3,
364,10306,1,5,
365,10732,1,5,
366,9110,1,5,
367,12332,1,6,
368,13914,1,5,
369,14838,1,4,
370,15110,1,4,
371,15737,1,4,
372,13654,1,5,
373,13327,1,5,
374,12828,1,4,b
375,9884,1,3,b
376,13209,1,4,
377,13061,1,5,
378,12719,1,5,
379,12489,1,5,
380,16369,1,4,
381,16322,1,4,
382,16083,1,4,
383,15900,1,4,
384,17771,1,5,
385,18724,1,3,
386,19860,1,4,
387,18907,1,4,
388,21589,1,4,
389,21402,2,4,
390,20205,1,3,f
391,20455,2,3,f
392,20885,1,3,f
393,21421,1,1,
394,20889,1,3,f
395,22565,1,4,
396,23835,1,5,
397,23871,2,5,
398,26451,1,3,
399,21881,1,4,
400,25428,6,3,
401,20711,2,5,
402,20635,2,5,
403,19038,2,5,
404,19990,1,6,
405,19513,1,5,
406,19205,1,5,
407,20430,1,5,
408,20250,1,5,
409,17531,2,5,
410,17499,2,5,
411,17847,1,5,
412,17954,1,4,
413,16852,2,4,
414,23497,1,5,
415,24822,1,5,
416,25539,1,5,
417,25945,3,5,
418,26777,1,5,
419,26248,1,5,
420,26640,1,5,
421,27468,1,5,
422,27830,1,5,
423,28237,1,5,
424,36850,1,2,
425,37826,1,2,
426,33018,2,4,
427,34693,1,4,
428,36046,1,4,
429,36962,1,4,
430,37740,1,4,
431,35846,1,5,
432,36238,1,5,
433,32246,1,3,
434,34088,1,3,
435,35550,1,3,
436,35350,1,3,
437,29655,1,4,b
438,30343,1,4,b
439,30883,1,4,b
440,31681,1,3,
441,32362,1,4,
442,28734,1,4,
443,29696,1,4,b
444,32921,1,5,
445,37908,1,5,
446,37300,1,5,
447,36616,2,5,
448,39177,3,4,
449,,1,9,
450,41909,1,4,f
451,41822,1,4,f
452,42806,1,4,b
453,42911,1,4,b
454,44066,1,4,
455,43103,1,4,
456,39780,1,5,
457,40526,2,4,b
458,45410,1,4,f
459,44798,1,4,f
460,44405,1,5,
461,44946,1,5,
462,46146,1,4,
463,46750,1,4,
464,48455,1,3,
465,47908,1,3,b
466,50335,1,3,
467,50583,1,2,
468,49583,1,3,
469,49669,1,1,
470,49637,1,4,
471,48883,1,5,
472,47723,1,5,
473,46771,1,5,
474,47508,1,4,
475,49029,1,4,
476,51624,1,4,
477,51585,1,6,
478,52689,1,6,
479,52911,1,6,
480,53954,1,6,
481,54872,1,2,f
482,55765,3,5,
483,54879,1,3,
484,55642,1,3,
485,55434,1,4,
486,55945,1,4,
487,56647,1,5,
488,57632,2,1,f
489,52457,1,5,
490,53417,1,5,
491,54182,1,4,f
492,53824,1,5,
493,53807,1,5,
494,60742,2,7,
495,59847,2,7,
496,61394,2,7,
497,57380,1,5,
498,57328,1,5,
499,58948,1,5,
500,58590,1,5,
501,57757,1,3,
502,60129,1,3,
503,61941,1,3,
504,63494,1,5,
505,64238,1,4,
506,63090,1,3,
507,61960,1,5,
508,62267,1,6,
509,63608,1,3,b
510,65474,1,1,
511,66249,1,3,
512,66006,1,5,
513,66098,1,6,
514,66803,1,4,f
515,65581,1,5,
516,67172,1,5,
517,67929,1,5,
518,69701,1,4,
519,69427,1,4,
520,70755,1,4,
521,69974,1,4,
522,71957,1,4,
523,61740,1,5,
524,62985,1,5,
525,64078,1,5,
526,64407,1,6,
527,64924,1,5,
528,67494,1,6,
529,72622,1,2,
530,72489,1,5,
531,74785,1,2,
532,73473,1,5,
533,74392,1,4,
534,73945,1,4,
535,76333,1,4,
536,77853,1,4,f
537,76219,1,5,
538,78207,1,4,f
539,78727,1,4,f
540,77811,1,6,
541,76880,1,5,
542,76742,3,4,
543,73714,1,3,
544,76470,2,4,
545,76600,1,4,
546,78820,1,3,
547,78401,1,3,
548,78265,1,3,
549,78104,1,3,
550,79374,1,4,
551,78933,1,4,
552,80112,1,3,
553,80763,1,2,
554,81266,1,3,
555,79404,1,5,
556,79881,1,5,
557,82396,1,3,
558,82514,1,3,
559,82729,2,4,
560,82671,2,4,
561,84143,1,3,
562,86228,1,3,
563,87073,1,3,
564,86670,1,3,
565,85927,1,3,
566,85696,1,4,
567,87261,1,9,
568,85423,1,5,b
569,87072,1,5,
570,88635,1,3,
571,89931,1,3,
572,90185,1,3,
573,90496,1,3,
574,89341,2,4,
575,92855,1,3,
576,92041,1,4,
577,92761,1,9,
578,93085,2,4,
579,93683,1,4,
580,94141,1,4,
581,94820,1,5,
582,95168,1,4,
583,95176,1,4,
584,96808,1,6,
585,97063,4,5,
586,97290,1,6,
587,95477,2,5,
588,96465,2,4,
589,94643,1,5,
590,93864,1,4,b
591,93506,1,3,
592,95241,2,2,
593,95347,2,2,f
594,89642,1,3,
595,98412,2,3,
596,98032,1,3,
597,98066,1,5,
598,98353,2,5,
599,98162,1,5,
600,98688,1,5,
601,100064,1,3,
602,100310,1,6,
603,100345,1,3,
604,99572,1,6,
605,101123,1,6,
606,100881,2,6,
607,101027,1,6,
608,100195,1,5,
609,101923,1,6,
610,101984,1,5,
611,102978,2,4,
612,102485,1,4,
613,104234,1,4,
614,105881,1,4,
615,106039,2,5,
616,104963,1,5,
617,104365,1,5,
618,104019,1,5,
619,104139,1,4,
620,105515,1,4,
621,106723,1,4,
622,107188,1,4,
623,106985,1,3,
624,107556,1,3,
625,107095,1,4,
626,108036,1,5,
627,107517,1,5,
628,107382,1,5,
629,106944,1,5,
630,109074,1,3,
631,108874,1,5,
632,106278,1,3,
633,106786,1,5,
634,104459,1,3,
635,103045,1,4,
636,102618,1,3,
637,110395,1,3,
638,110672,1,3,
639,110960,1,3,
640,111497,1,3,
641,110003,1,4,
642,110273,1,5,
643,111123,1,4,
644,109139,1,4,
645,109472,1,6,
646,113136,1,3,
647,112716,1,4,
648,110778,1,5,
649,112529,2,5,
650,112211,1,5,
651,111710,3,4,
652,112961,1,4,
653,113996,1,4,
654,114724,1,4,
655,114939,2,4,
656,114855,1,4,
657,115033,1,4,
658,116591,1,5,
659,116758,1,5,
660,116971,2,5,
661,116901,1,5,
662,117089,1,5,
663,117629,1,5,
664,115438,1,4,
665,116247,1,4,
666,115669,1,4,
667,114119,2,4,
668,114375,1,4,
669,114341,1,4,
670,113368,1,1,
671,301,2,4,b
672,910,1,4,b
673,1170,1,4,b
674,113889,1,4,
675,114971,1,4,
676,115227,1,4,
677,115830,1,4,
678,116771,1,4,
679,115738,1,4,
680,116928,1,4,
681,118268,1,4,
682,1645,1,6,
683,2548,1,6,
684,3786,1,4,
685,4906,1,4,
686,5737,1,4,
687,5346,1,6,
688,6061,1,6,
689,7007,1,4,
690,7884,1,4,
691,8833,1,4,
692,9487,2,3,
693,8198,1,4,
694,7535,1,5,
695,7097,1,3,
696,6706,1,4,
697,5544,1,5,
698,5586,2,5,
699,4510,1,6,
700,4366,1,6,
701,3885,2,6,
702,5131,1,4,
703,5310,2,4,
704,5571,1,4,
705,6193,1,4,
706,5742,1,4,
707,6492,1,4,
708,118209,1,4,
709,145,1,4,
710,154,1,4,
711,443,1,4,
712,13954,1,4,
713,14135,2,3,
714,12706,1,3,
715,12387,1,3,
716,12093,2,4,
717,11484,2,4,
718,10324,1,4,
719,11345,1,4,
720,11783,1,4,
721,12390,1,4,
722,12770,1,3,
723,8102,1,3,
724,9347,2,4,
725,8645,1,3,
726,6537,1,3,
727,5364,2,3,
728,3909,1,5,
729,4371,3,5,
730,3455,1,5,b
731,3849,3,5,b
732,1562,1,3,f
733,3419,1,3,
734,26207,2,9,
735,27989,1,1,f
736,25336,1,2,
737,25813,1,4,f
738,28614,1,4,
739,29800,1,6,
740,29426,2,4,
741,29038,2,4,
742,29704,1,6,
743,29434,2,6,
744,27913,2,5,
745,28716,2,5,
746,26594,1,4,
747,26126,1,6,
748,25861,1,6,
749,25473,1,5,
750,24010,1,4,
751,23607,1,4,
752,22957,1,4,
753,22845,1,4,
754,22509,1,4,
755,22449,1,3,
756,22549,1,3,
757,22797,2,3,
758,23123,1,3,
759,25930,1,2,
760,26311,2,2,
761,26727,1,2,
762,25281,1,3,
763,26237,2,4,
764,26220,2,3,f
765,26241,2,3,
766,26563,2,4,
767,25923,2,4,
768,24436,1,1,
769,24674,1,4,b
770,25247,1,4,
771,27366,1,3,b
772,23972,1,4,b
773,23875,1,4,
774,23364,1,4,
775,22701,2,4,
776,22109,1,4,
777,21444,1,4,
778,20507,1,5,
779,19849,1,4,
780,19587,1,4,
781,18543,2,3,
782,17593,1,4,
783,17378,1,3,
784,16537,1,3,
785,15197,1,3,
786,14293,1,4,
787,14168,2,3,
788,13701,1,4,
789,12843,1,4,
790,13288,1,4,
791,14146,1,4,
792,15474,1,4,
793,16611,1,4,
794,17651,1,4,
795,17717,1,5,
796,18216,1,4,
797,18673,1,4,
798,21248,1,4,
799,21393,2,4,
800,20535,1,4,
801,20042,1,4,
802,17874,2,4,
803,17797,2,4,
804,17351,2,4,
805,13847,1,1,
806,24244,1,5,
807,24327,2,5,
808,24873,1,5,
809,24845,1,5,
810,24305,1,4,b
811,23685,1,4,b
812,25985,1,3,
813,25606,2,3,
814,27654,1,4,b
815,27072,1,4,b
816,27288,2,4,b
817,28103,1,4,b
818,32349,1,1,
819,33160,1,4,
820,33345,1,5,
821,34045,1,4,
822,33347,2,4,
823,33302,2,5,
824,31700,1,5,
825,31592,1,5,
826,30324,1,3,
827,31125,2,5,
828,31416,1,5,
829,33977,1,4,
830,33152,1,5,
831,34444,1,3,f
832,33579,1,3,
833,32759,1,4,
834,30122,1,3,
835,35904,1,3,f
836,34769,2,4,
837,29034,2,4,
838,29807,2,4,
839,30277,1,4,
840,30788,2,4,
841,27204,1,4,
842,27810,1,4,
843,28199,1,4,
844,27628,1,2,
845,26634,1,2,
846,25859,1,4,
847,36188,1,4,
848,37279,1,1,
849,38835,1,5,
850,39757,1,3,
851,38170,1,4,
852,38070,1,4,
853,37173,2,4,
854,37229,1,3,
855,36917,1,4,
856,37677,1,4,
857,37648,1,4,
858,38901,1,4,
859,36514,2,4,
860,35264,1,3,
861,37096,1,5,
862,37297,1,5,
863,37819,2,4,
864,38455,1,4,
865,39429,1,2,
866,38414,1,5,
867,40096,3,5,
868,40091,1,5,
869,40326,2,5,
870,44191,3,4,b
871,42884,2,4,b
872,42312,2,4,b
873,43023,2,4,b
874,42570,1,4,b
875,42515,1,3,
876,42828,1,3,
877,43409,1,4,
878,43825,2,4,
879,44816,2,2,
880,46651,1,2,f
881,36377,1,4,
882,38164,2,6,
883,39953,2,2,
884,38827,2,2,
885,42536,2,3,
886,42726,1,3,
887,42913,2,2,
888,45941,2,3,
889,46701,2,3,
890,28328,1,4,b
891,31685,1,3,b
892,30438,1,1,
893,32768,2,3,b
894,42402,1,4,
895,42313,1,4,
896,43109,1,4,
897,42799,1,4,
898,43813,1,4,
899,44659,1,5,
900,45336,1,4,
901,46776,1,4,
902,47431,1,4,
903,46509,1,4,
904,46404,1,6,
905,46390,2,2,
906,47452,1,4,
907,48356,1,4,
908,49402,1,4,
909,51069,1,3,
910,52085,1,4,
911,52943,1,3,
912,54682,1,4,b
913,54204,1,4,
914,56343,1,4,
915,56922,1,4,
916,57936,1,3,
917,64962,1,4,b
918,68895,2,4,b
919,41307,2,3,
920,49841,3,3,
921,53740,1,4,
922,55705,1,4,
923,55282,1,4,
924,57283,1,4,b
925,55687,1,4,
926,58188,1,4,f
927,56633,1,4,
928,59199,1,3,
929,59316,1,3,
930,60189,2,5,
931,59803,1,3,
932,60965,1,3,
933,61174,1,4,
934,61359,1,3,
935,67457,1,5,b
936,67786,1,5,b
937,67153,1,4,b
938,67669,2,5,b
939,65109,1,3,
940,68933,1,3,
941,65936,1,4,
942,70090,1,4,
943,70300,1,4,
944,72010,1,4,
945,71865,1,4,
946,67464,2,4,b
947,67472,2,4,b
948,68245,1,4,b
949,68862,1,4,b
950,71352,1,3,
951,73334,1,4,
952,68002,2,3,b
953,68523,1,5,
954,68282,1,5,
955,,1,5,
956,63945,1,5,
957,61932,1,3,
958,61622,1,4,
959,60823,1,5,
960,59196,2,3,
961,59449,1,4,
962,67234,2,4,
963,66657,2,2,
964,66821,2,3,
965,61084,2,2,
966,62434,2,2,
967,59747,2,4,
968,60718,2,2,
969,71681,2,1,
970,68702,2,2,
971,63003,2,4,
972,73273,1,3,
973,71860,2,3,
974,75141,2,4,
975,76297,1,4,
976,75264,1,4,
977,74117,1,5,
978,73807,1,5,
979,74911,2,5,
980,74376,2,5,
981,74395,1,5,
982,69996,1,5,
983,70104,3,4,
984,70576,1,4,b
985,78384,1,4,
986,78918,1,4,b
987,77634,1,4,
988,78106,1,4,
989,74604,2,4,b
990,74857,1,4,b
991,86092,2,5,
992,88714,1,4,
993,85792,2,4,b
994,83153,2,5,
995,85267,2,4,b
996,85258,2,4,
997,83081,2,4,
998,90422,2,4,
999,92308,1,5,
1000,92630,1,5,
1001,93542,2,4,
1002,94005,2,5,
1003,94160,2,4,
1004,94114,2,4,
1005,93825,2,4,
1006,93174,2,6,
1007,92989,1,6,
1008,91875,1,5,
1009,90887,1,5,
1010,90982,1,5,
1011,113368,6,1,
1012,111188,1,4,
1013,112948,1,4,
1014,113246,1,4,
1015,111954,1,4,b
1016,109285,2,5,
1017,111045,1,5,
1018,109789,1,4,
1019,108661,1,4,
1020,107608,1,4,
1021,107380,1,4,
1022,108085,1,4,
1023,103127,1,3,f
1024,104738,1,3,f
1025,105854,1,3,f
1026,103882,1,5,
1027,105140,1,4,
1028,103738,2,4,
