constellation,stroke_seq,point_order,seq
UMi,1,1,1
UMi,1,2,2
UMi,1,3,3
UMi,1,4,4
UMi,2,1,4
UMi,2,2,5
UMi,2,3,7
UMi,2,4,6
UMi,2,5,4
UMa,1,1,1
UMa,1,2,2
UMa,1,3,3
UMa,1,4,5
UMa,1,5,4
UMa,2,1,5
UMa,2,2,6
UMa,3,1,4
UMa,3,2,7
UMa,3,3,8
UMa,3,4,9
UMa,3,5,10
UMa,4,1,10
UMa,4,2,11
UMa,4,3,12
UMa,4,4,13
UMa,5,1,9
UMa,5,2,14
UMa,5,3,15
UMa,6,1,8
UMa,6,2,16
UMa,7,1,16
UMa,7,2,17
UMa,7,3,19
UMa,7,4,18
UMa,7,5,16
UMa,8,1,19
UMa,8,2,22
UMa,8,3,20
UMa,8,4,21
UMa,9,1,17
UMa,9,2,23
UMa,9,3,24
UMa,10,1,18
UMa,10,2,25
UMa,10,3,26
UMa,10,4,27
Dra,1,1,1
Dra,1,2,2
Dra,1,3,4
Dra,1,4,3
Dra,1,5,5
Dra,1,6,2
Dra,2,1,5
Dra,2,2,6
Dra,2,3,8
Dra,2,4,7
Dra,2,5,9
Dra,3,1,9
Dra,3,2,11
Dra,3,3,10
Dra,3,4,13
Dra,3,5,12
Dra,3,6,11
Dra,4,1,13
Dra,4,2,14
Dra,4,3,15
Dra,4,4,16
Dra,4,5,14
Dra,5,1,16
Dra,5,2,17
Dra,5,3,18
Dra,5,4,19
Dra,5,5,17
Dra,6,1,19
Dra,6,2,20
Dra,6,3,21
Dra,7,1,21
Dra,7,2,24
Dra,7,3,23
Dra,7,4,22
Dra,7,5,25
Dra,7,6,26
Dra,7,7,27
Dra,7,8,28
Dra,7,9,29
Dra,7,10,30
Dra,7,11,31
Cep,1,1,9
Cep,1,2,10
Cep,1,3,11
Cep,2,1,4
Cep,2,2,9
Cep,3,1,4
Cep,3,2,5
Cep,3,3,6
Cep,4,1,1
Cep,4,2,3
Cep,4,3,4
Cep,4,4,7
Cep,4,5,8
Cep,5,1,7
Cep,5,2,2
Boo,1,1,1
Boo,1,2,2
Boo,1,3,3
Boo,1,4,4
Boo,1,5,5
Boo,2,1,5
Boo,2,2,6
Boo,2,3,7
Boo,3,1,7
Boo,3,2,8
Boo,3,3,9
Boo,4,1,8
Boo,4,2,15
Boo,5,1,7
Boo,5,2,10
Boo,5,3,11
Boo,6,1,7
Boo,6,2,12
Boo,6,3,13
Boo,6,4,14
Boo,7,1,6
Boo,7,2,17
Boo,7,3,18
Boo,7,4,16
Boo,8,1,16
Boo,8,2,19
Boo,9,1,18
Boo,9,2,20
Boo,9,3,21
Boo,9,4,22
CrB,1,1,2
CrB,1,2,3
CrB,1,3,1
CrB,1,4,5
CrB,1,5,6
CrB,1,6,7
CrB,1,7,8
CrB,2,1,3
CrB,2,2,4
Her,1,1,2
Her,1,2,1
Her,1,3,5
Her,2,1,2
Her,2,2,3
Her,2,3,4
Her,3,1,5
Her,3,2,6
Her,3,3,7
Her,3,4,8
Her,4,1,9
Her,4,2,8
Her,4,3,10
Her,5,1,2
Her,5,2,11
Her,5,3,12
Her,5,4,5
Her,6,1,12
Her,6,2,13
Her,6,3,14
Her,6,4,15
Her,6,5,16
Her,6,6,17
Her,6,7,18
Her,6,8,19
Her,7,1,19
Her,7,2,20
Her,7,3,21
Her,7,4,22
Her,8,1,11
Her,8,2,23
Her,8,3,24
Her,8,4,25
Her,8,5,28
Her,8,6,29
Her,9,1,25
Her,9,2,26
Her,9,3,27
Lyr,1,1,2
Lyr,1,2,1
Lyr,1,3,3
Lyr,2,1,1
Lyr,2,2,4
Lyr,3,1,4
Lyr,3,2,5
Lyr,3,3,6
Lyr,4,1,7
Lyr,4,2,9
Lyr,4,3,10
Lyr,4,4,8
Lyr,4,5,7
Lyr,5,1,4
Lyr,5,2,7
Cyg,1,1,1
Cyg,1,2,2
Cyg,1,3,3
Cyg,1,4,4
Cyg,1,5,5
Cyg,2,1,4
Cyg,2,2,6
Cyg,2,3,7
Cyg,2,4,8
Cyg,2,5,9
Cyg,3,1,4
Cyg,3,2,10
Cyg,3,3,11
Cyg,3,4,12
Cyg,4,1,4
Cyg,4,2,14
Cyg,4,3,13
Cyg,5,1,4
Cyg,5,2,17
Cyg,5,3,15
Cyg,5,4,16
Cas,1,1,1
Cas,1,2,2
Cas,1,3,3
Cas,1,4,4
Cas,1,5,5
Cas,1,6,6
Cas,1,7,7
Cas,2,1,2
Cas,2,2,8
Cas,2,3,9
Cas,3,1,2
Cas,3,2,10
Cas,4,1,4
Cas,4,2,12
Cas,4,3,11
Cas,5,1,12
Cas,5,2,13
Per,1,1,1
Per,1,2,2
Per,1,3,3
Per,2,1,3
Per,2,2,5
Per,2,3,4
Per,3,1,5
Per,3,2,6
Per,4,1,3
Per,4,2,7
Per,4,3,8
Per,4,4,9
Per,4,5,10
Per,5,1,4
Per,5,2,11
Per,5,3,12
Per,6,1,13
Per,6,2,12
Per,6,3,14
Per,6,4,15
Per,7,1,10
Per,7,2,17
Per,7,3,16
Per,7,4,20
Per,7,5,21
Per,8,1,16
Per,8,2,19
Per,8,3,18
Per,9,1,7
Per,9,2,22
Per,9,3,23
Per,9,4,24
Per,9,5,25
Per,9,6,26
Aur,1,1,4
Aur,1,2,1
Aur,1,3,2
Aur,1,4,3
Aur,2,1,3
Aur,2,2,4
Aur,2,3,11
Aur,2,4,10
Aur,2,5,3
Aur,3,1,4
Aur,3,2,5
Aur,3,3,6
Aur,4,1,3
Aur,4,2,7
Aur,4,3,9
Aur,4,4,8
Aur,5,1,11
Aur,5,2,12
Aur,5,3,13
Aur,6,1,10
Aur,6,2,14
Oph,1,1,2
Oph,1,2,1
Oph,1,3,4
Oph,2,1,2
Oph,2,2,3
Oph,3,1,4
Oph,3,2,5
Oph,4,1,5
Oph,4,2,6
Oph,4,3,7
Oph,4,4,8
Oph,5,1,3
Oph,5,2,9
Oph,5,3,10
Oph,5,4,11
Oph,6,1,2
Oph,6,2,12
Oph,6,3,13
Oph,7,1,13
Oph,7,2,14
Oph,7,3,15
Oph,7,4,16
Oph,7,5,17
Oph,7,6,18
Oph,8,1,4
Oph,8,2,19
Oph,8,3,20
Oph,8,4,21
Oph,8,5,22
Oph,8,6,23
Oph,8,7,24
Ser,1,1,1
Ser,1,2,2
Ser,1,3,4
Ser,1,4,3
Ser,1,5,1
Ser,2,1,1
Ser,2,2,5
Ser,3,1,3
Ser,3,2,6
Ser,4,1,4
Ser,4,2,7
Ser,4,3,8
Ser,4,4,9
Ser,4,5,10
Ser,5,1,10
Ser,5,2,11
Ser,5,3,12
Ser,5,4,13
Ser,6,1,13
Ser,6,2,14
Ser,6,3,15
Ser,6,4,16
Ser,6,5,17
Ser,6,6,18
Sge,1,1,1
Sge,1,2,2
Sge,1,3,3
Sge,1,4,4
Sge,1,5,5
Aql,1,1,1
Aql,1,2,2
Aql,1,3,3
Aql,2,1,3
Aql,2,2,4
Aql,3,1,2
Aql,3,2,5
Aql,3,3,6
Aql,4,1,2
Aql,4,2,7
Aql,4,3,8
Aql,5,1,3
Aql,5,2,9
Del,1,1,4
Del,1,2,5
Del,1,3,7
Del,1,4,6
Del,1,5,4
Del,2,1,2
Del,2,2,1
Del,2,3,3
Del,3,1,9
Del,3,2,8
Del,3,3,10
Del,4,1,1
Del,4,2,9
Del,4,3,10
Del,4,4,4
Equ,1,1,1
Equ,1,2,2
Equ,2,1,2
Equ,2,2,3
Equ,2,3,4
Peg,1,1,1
Peg,1,2,2
Peg,1,3,3
Peg,1,4,4
Peg,1,5,1
Peg,2,1,3
Peg,2,2,9
Peg,2,3,10
Peg,3,1,10
Peg,3,2,11
Peg,3,3,12
Peg,3,4,15
Peg,3,5,16
Peg,3,6,17
Peg,4,1,12
Peg,4,2,13
Peg,4,3,14
Peg,5,1,2
Peg,5,2,5
Peg,5,3,6
Peg,6,1,3
Peg,6,2,7
Peg,6,3,8
Peg,6,4,18
Peg,7,1,4
Peg,7,2,19
Peg,7,3,20
And,1,1,2
And,1,2,1
And,1,3,3
And,2,1,2
And,2,2,4
And,2,3,6
And,2,4,5
And,3,1,5
And,3,2,23
And,3,3,7
And,3,4,8
And,3,5,9
And,4,1,3
And,4,2,10
And,4,3,11
And,5,1,12
And,5,2,13
And,5,3,14
And,6,1,2
And,6,2,13
And,6,3,3
And,7,1,14
And,7,2,18
And,7,3,19
And,7,4,15
And,8,1,12
And,8,2,20
And,8,3,16
And,8,4,17
And,9,1,15
And,9,2,21
And,9,3,22
Tri,1,1,2
Tri,1,2,1
Tri,1,3,4
Tri,2,1,2
Tri,2,2,3
Tri,2,3,4
Ari,1,1,1
Ari,1,2,2
Ari,1,3,3
Ari,1,4,4
Ari,2,1,4
Ari,2,2,5
Ari,2,3,6
Ari,2,4,7
Ari,3,1,7
Ari,3,2,8
Ari,3,3,9
Ari,3,4,10
Ari,4,1,6
Ari,4,2,11
Ari,4,3,12
Ari,4,4,13
Tau,1,1,1
Tau,1,2,2
Tau,1,3,3
Tau,1,4,4
Tau,2,1,3
Tau,2,2,5
Tau,2,3,6
Tau,3,1,6
Tau,3,2,7
Tau,3,3,8
Tau,4,1,5
Tau,4,2,10
Tau,4,3,9
Tau,5,1,15
Tau,5,2,12
Tau,5,3,11
Tau,5,4,13
Tau,5,5,14
Tau,6,1,14
Tau,6,2,16
Tau,6,3,17
Tau,6,4,18
Tau,6,5,19
Tau,7,1,15
Tau,7,2,20
Tau,7,3,21
Tau,8,1,20
Tau,8,2,22
Tau,8,3,23
Tau,9,1,24
Tau,9,2,25
Tau,10,1,26
Tau,10,2,27
Tau,10,3,29
Tau,10,4,28
Tau,10,5,26
Tau,11,1,30
Tau,11,2,31
Tau,11,3,32
Tau,11,4,30
Tau,12,1,30
Tau,12,2,33
Gem,1,1,1
Gem,1,2,3
Gem,1,3,4
Gem,2,1,1
Gem,2,2,5
Gem,2,3,8
Gem,2,4,10
Gem,3,1,10
Gem,3,2,14
Gem,3,3,15
Gem,3,4,16
Gem,4,1,6
Gem,4,2,7
Gem,5,1,2
Gem,5,2,7
Gem,5,3,12
Gem,5,4,9
Gem,5,5,11
Gem,6,1,13
Gem,6,2,11
Gem,6,3,17
Gem,6,4,18
Gem,7,1,1
Gem,7,2,6
Cnc,1,1,2
Cnc,1,2,4
Cnc,1,3,5
Cnc,1,4,3
Cnc,1,5,2
Cnc,2,1,4
Cnc,2,2,1
Cnc,3,1,4
Cnc,3,2,7
Cnc,4,1,5
Cnc,4,2,6
Cnc,5,1,2
Cnc,5,2,8
Cnc,6,1,3
Cnc,6,2,9
Leo,1,1,1
Leo,1,2,2
Leo,1,3,4
Leo,1,4,3
Leo,2,1,3
Leo,2,2,5
Leo,2,3,6
Leo,2,4,7
Leo,3,1,7
Leo,3,2,8
Leo,3,3,9
Leo,4,1,8
Leo,4,2,10
Leo,5,1,9
Leo,5,2,11
Leo,5,3,12
Leo,6,1,15
Leo,6,2,14
Leo,6,3,13
Leo,7,1,15
Leo,7,2,16
Leo,7,3,17
Leo,7,4,18
Leo,8,1,8
Leo,8,2,19
Leo,8,3,20
Leo,8,4,21
Leo,9,1,21
Leo,9,2,22
Leo,10,1,22
Leo,10,2,23
Leo,10,3,24
Leo,10,4,25
Leo,10,5,26
Leo,11,1,21
Leo,11,2,27
Vir,1,1,1
Vir,1,2,2
Vir,1,3,3
Vir,1,4,4
Vir,2,1,5
Vir,2,2,6
Vir,2,3,7
Vir,2,4,8
Vir,2,5,9
Vir,3,1,4
Vir,3,2,6
Vir,4,1,11
Vir,4,2,12
Vir,4,3,13
Vir,5,1,3
Vir,5,2,11
Vir,6,1,9
Vir,6,2,14
Vir,7,1,4
Vir,7,2,10
Vir,7,3,15
Vir,8,1,15
Vir,8,2,16
Vir,8,3,17
Vir,8,4,19
Vir,8,5,18
Vir,8,6,16
Vir,9,1,19
Vir,9,2,20
Vir,9,3,25
Vir,10,1,15
Vir,10,2,21
Vir,10,3,26
Vir,11,1,21
Vir,11,2,23
Vir,11,3,22
Vir,11,4,24
Lib,1,1,6
Lib,1,2,5
Lib,1,3,1
Lib,2,1,1
Lib,2,2,2
Lib,3,1,8
Lib,3,2,7
Lib,3,3,3
Lib,4,1,3
Lib,4,2,4
Lib,5,1,5
Lib,5,2,7
Sco,1,1,1
Sco,1,2,2
Sco,1,3,3
Sco,2,1,3
Sco,2,2,4
Sco,3,1,1
Sco,3,2,5
Sco,3,3,6
Sco,4,1,2
Sco,4,2,7
Sco,4,3,8
Sco,4,4,9
Sco,5,1,9
Sco,5,2,10
Sco,5,3,11
Sco,6,1,9
Sco,6,2,12
Sco,6,3,13
Sco,6,4,14
Sco,6,5,16
Sco,6,6,17
Sco,6,7,18
Sco,6,8,19
Sco,6,9,21
Sco,6,10,20
Sco,7,1,14
Sco,7,2,15
Sgr,1,1,3
Sgr,1,2,2
Sgr,1,3,4
Sgr,1,4,5
Sgr,2,1,2
Sgr,2,2,7
Sgr,2,3,1
Sgr,3,1,9
Sgr,3,2,10
Sgr,3,3,11
Sgr,4,1,10
Sgr,4,2,8
Sgr,5,1,11
Sgr,5,2,6
Sgr,6,1,6
Sgr,6,2,12
Sgr,6,3,13
Sgr,6,4,14
Sgr,6,5,15
Sgr,7,1,16
Sgr,7,2,17
Sgr,8,1,11
Sgr,8,2,18
Sgr,8,3,19
Sgr,9,1,11
Sgr,9,2,20
Sgr,9,3,21
Sgr,9,4,22
Sgr,10,1,16
Sgr,10,2,24
Sgr,10,3,23
Sgr,11,1,17
Sgr,11,2,25
Sgr,12,1,22
Sgr,12,2,26
Sgr,12,3,27
Sgr,13,1,28
Sgr,13,2,29
Sgr,13,3,31
Sgr,13,4,30
Sgr,13,5,28
Sgr,14,1,27
Sgr,14,2,28
Cap,1,1,1
Cap,1,2,2
Cap,1,3,3
Cap,2,1,4
Cap,2,2,5
Cap,3,1,5
Cap,3,2,6
Cap,3,3,7
Cap,3,4,8
Cap,4,1,3
Cap,4,2,4
Cap,5,1,8
Cap,5,2,9
Cap,5,3,10
Cap,6,1,10
Cap,6,2,13
Cap,6,3,12
Cap,6,4,11
Cap,7,1,12
Cap,7,2,14
Cap,7,3,15
Cap,8,1,15
Cap,8,2,17
Cap,8,3,18
Cap,8,4,16
Cap,9,1,13
Cap,9,2,19
Cap,9,3,20
Cap,10,1,19
Cap,10,2,21
Cap,10,3,22
Cap,11,1,20
Cap,11,2,23
Cap,11,3,24
Cap,12,1,24
Cap,12,2,25
Cap,12,3,26
Cap,12,4,27
Cap,12,5,28
Aqr,1,1,2
Aqr,1,2,1
Aqr,1,3,4
Aqr,2,1,2
Aqr,2,2,3
Aqr,3,1,4
Aqr,3,2,5
Aqr,3,3,8
Aqr,3,4,7
Aqr,3,5,6
Aqr,4,1,2
Aqr,4,2,9
Aqr,4,3,10
Aqr,4,4,11
Aqr,4,5,12
Aqr,5,1,2
Aqr,5,2,13
Aqr,5,3,14
Aqr,5,4,15
Aqr,6,1,15
Aqr,6,2,17
Aqr,6,3,16
Aqr,7,1,15
Aqr,7,2,19
Aqr,7,3,18
Aqr,8,1,17
Aqr,8,2,20
Aqr,8,3,22
Aqr,8,4,21
Aqr,9,1,12
Aqr,9,2,23
Aqr,9,3,24
Aqr,9,4,25
Aqr,9,5,26
Aqr,10,1,26
Aqr,10,2,27
Aqr,10,3,28
Aqr,10,4,29
Aqr,10,5,30
Aqr,10,6,31
Aqr,10,7,32
Aqr,11,1,32
Aqr,11,2,33
Aqr,11,3,34
Aqr,11,4,35
Aqr,12,1,35
Aqr,12,2,36
Aqr,12,3,37
Aqr,12,4,38
Aqr,13,1,38
Aqr,13,2,39
Aqr,13,3,41
Aqr,13,4,40
Aqr,13,5,42
Psc,1,1,1
Psc,1,2,2
Psc,1,3,4
Psc,1,4,5
Psc,1,5,8
Psc,1,6,7
Psc,1,7,6
Psc,1,8,1
Psc,2,1,2
Psc,2,2,3
Psc,3,1,8
Psc,3,2,9
Psc,3,3,10
Psc,3,4,11
Psc,3,5,12
Psc,3,6,13
Psc,3,7,14
Psc,3,8,15
Psc,3,9,16
Psc,3,10,17
Psc,3,11,18
Psc,3,12,19
Psc,4,1,19
Psc,4,2,20
Psc,4,3,21
Psc,4,4,22
Psc,4,5,23
Psc,5,1,23
Psc,5,2,34
Psc,5,3,33
Psc,5,4,32
Psc,5,5,28
Psc,5,6,27
Psc,5,7,26
Psc,5,8,24
Psc,5,9,25
Psc,6,1,26
Psc,6,2,29
Psc,6,3,30
Psc,6,4,31
Cet,1,1,1
Cet,1,2,2
Cet,1,3,3
Cet,1,4,4
Cet,2,1,2
Cet,2,2,5
Cet,2,3,6
Cet,2,4,7
Cet,3,1,4
Cet,3,2,8
Cet,4,1,8
Cet,4,2,9
Cet,4,3,11
Cet,4,4,10
Cet,4,5,8
Cet,5,1,11
Cet,5,2,12
Cet,5,3,13
Cet,5,4,14
Cet,6,1,14
Cet,6,2,15
Cet,6,3,16
Cet,7,1,17
Cet,7,2,18
Cet,7,3,20
Cet,7,4,19
Cet,7,5,17
Cet,8,1,16
Cet,8,2,17
Cet,9,1,21
Cet,9,2,17
Cet,9,3,18
Cet,9,4,22
Ori,1,1,2
Ori,1,2,1
Ori,1,3,3
Ori,2,1,3
Ori,2,2,4
Ori,3,1,2
Ori,3,2,5
Ori,3,3,6
Ori,4,1,6
Ori,4,2,8
Ori,4,3,7
Ori,4,4,9
Ori,4,5,10
Ori,4,6,8
Ori,5,1,10
Ori,5,2,11
Ori,5,3,12
Ori,6,1,2
Ori,6,2,16
Ori,6,3,15
Ori,6,4,14
Ori,6,5,13
Ori,7,1,17
Ori,7,2,18
Ori,7,3,19
Ori,7,4,20
Ori,7,5,21
Ori,7,6,22
Ori,7,7,23
Ori,7,8,24
Ori,7,9,25
Ori,8,1,3
Ori,8,2,17
Ori,9,1,2
Ori,9,2,28
Ori,10,1,3
Ori,10,2,26
Ori,11,1,26
Ori,11,2,27
Ori,11,3,28
Ori,12,1,27
Ori,12,2,29
Ori,12,3,30
Ori,12,4,31
Ori,12,5,32
Ori,13,1,32
Ori,13,2,33
Ori,13,3,34
Ori,14,1,26
Ori,14,2,36
Ori,14,3,35
Ori,15,1,35
Ori,15,2,37
Ori,16,1,28
Ori,16,2,38
Eri,1,1,1
Eri,1,2,2
Eri,1,3,3
Eri,1,4,4
Eri,1,5,5
Eri,1,6,6
Eri,1,7,7
Eri,1,8,8
Eri,1,9,9
Eri,2,1,9
Eri,2,2,10
Eri,2,3,11
Eri,2,4,12
Eri,2,5,13
Eri,2,6,14
Eri,2,7,15
Eri,2,8,16
Eri,2,9,17
Eri,3,1,17
Eri,3,2,18
Eri,3,3,19
Eri,3,4,20
Eri,3,5,21
Eri,3,6,22
Eri,4,1,23
Eri,4,2,24
Eri,4,3,26
Eri,4,4,25
Eri,4,5,23
Eri,5,1,22
Eri,5,2,23
Eri,6,1,25
Eri,6,2,27
Eri,6,3,28
Eri,6,4,29
Eri,6,5,30
Eri,7,1,30
Eri,7,2,31
Eri,7,3,32
Eri,7,4,33
Eri,7,5,34
Lep,1,1,1
Lep,1,2,2
Lep,1,3,4
Lep,1,4,3
Lep,1,5,1
Lep,2,1,4
Lep,2,2,5
Lep,3,1,5
Lep,3,2,6
Lep,4,1,5
Lep,4,2,7
Lep,4,3,8
Lep,5,1,7
Lep,5,2,11
Lep,5,3,12
Lep,6,1,11
Lep,6,2,9
Lep,6,3,10
CMa,1,1,1
CMa,1,2,2
CMa,1,3,3
CMa,2,1,3
CMa,2,2,4
CMa,2,3,5
CMa,2,4,6
CMa,3,1,6
CMa,3,2,7
CMa,3,3,8
CMa,3,4,9
CMa,4,1,6
CMa,4,2,10
CMa,4,3,11
CMa,5,1,4
CMa,5,2,13
CMa,5,3,12
CMa,6,1,12
CMa,6,2,14
CMa,6,3,15
CMa,7,1,14
CMa,7,2,16
CMa,7,3,17
CMa,8,1,14
CMa,8,2,18
CMi,1,1,1
CMi,1,2,2
Arg,1,1,1
Arg,1,2,2
Arg,1,3,10
Arg,2,1,5
Arg,2,2,3
Arg,2,3,4
Arg,2,4,6
Arg,3,1,6
Arg,3,2,7
Arg,3,3,9
Arg,3,4,8
Arg,4,1,2
Arg,4,2,11
Arg,4,3,12
Arg,5,1,13
Arg,5,2,14
Arg,5,3,15
Arg,5,4,16
Arg,5,5,17
Arg,6,1,18
Arg,6,2,19
Arg,7,1,20
Arg,7,2,21
Arg,8,1,22
Arg,8,2,23
Arg,8,3,24
Arg,8,4,25
Arg,8,5,26
Arg,9,1,23
Arg,9,2,28
Arg,9,3,27
Arg,9,4,29
Arg,9,5,30
Arg,10,1,17
Arg,10,2,31
Arg,10,3,32
Arg,11,1,12
Arg,11,2,33
Arg,11,3,34
Arg,11,4,35
Arg,11,5,36
Arg,12,1,36
Arg,12,2,37
Arg,12,3,38
Arg,12,4,39
Arg,12,5,40
Arg,12,6,41
Arg,13,1,33
Arg,13,2,42
Arg,13,3,43
Arg,14,1,36
Arg,14,2,44
Arg,14,3,45
Hya,1,1,1
Hya,1,2,2
Hya,1,3,3
Hya,1,4,4
Hya,1,5,5
Hya,1,6,1
Hya,2,1,5
Hya,2,2,6
Hya,2,3,7
Hya,2,4,8
Hya,2,5,9
Hya,2,6,10
Hya,3,1,10
Hya,3,2,11
Hya,3,3,12
Hya,4,1,12
Hya,4,2,13
Hya,4,3,14
Hya,4,4,15
Hya,4,5,16
Hya,4,6,17
Hya,4,7,18
Hya,5,1,18
Hya,5,2,19
Hya,5,3,20
Hya,6,1,20
Hya,6,2,21
Hya,6,3,22
Hya,6,4,23
Hya,6,5,21
Hya,7,1,23
Hya,7,2,24
Hya,7,3,25
Crt,1,1,1
Crt,1,2,2
Crt,1,3,4
Crt,2,1,1
Crt,2,2,3
Crt,2,3,5
Crt,3,1,4
Crt,3,2,6
Crt,4,1,5
Crt,4,2,7
Crv,1,1,1
Crv,1,2,2
Crv,1,3,3
Crv,2,1,3
Crv,2,2,4
Crv,3,1,3
Crv,3,2,5
Crv,3,3,6
Crv,4,1,3
Crv,4,2,7
Cen,1,1,1
Cen,1,2,3
Cen,1,3,4
Cen,1,4,2
Cen,2,1,5
Cen,2,2,6
Cen,3,1,2
Cen,3,2,5
Cen,4,1,7
Cen,4,2,9
Cen,4,3,8
Cen,4,4,10
Cen,4,5,11
Cen,5,1,5
Cen,5,2,7
Cen,6,1,6
Cen,6,2,15
Cen,6,3,16
Cen,6,4,17
Cen,7,1,6
Cen,7,2,12
Cen,7,3,13
Cen,7,4,14
Cen,8,1,14
Cen,8,2,18
Cen,9,1,18
Cen,9,2,20
Cen,9,3,19
Cen,10,1,18
Cen,10,2,21
Cen,10,3,22
Cen,10,4,23
Cen,10,5,24
Cen,10,6,25
Cen,11,1,25
Cen,11,2,26
Cen,11,3,27
Cen,12,1,21
Cen,12,2,28
Cen,12,3,29
Cen,12,4,30
Cen,13,1,26
Cen,13,2,31
Cen,13,3,32
Cen,13,4,37
Cen,14,1,28
Cen,14,2,33
Cen,14,3,34
Cen,15,1,30
Cen,15,2,35
Cen,15,3,36
Lup,1,1,1
Lup,1,2,2
Lup,2,1,2
Lup,2,2,5
Lup,2,3,3
Lup,2,4,4
Lup,3,1,5
Lup,3,2,6
Lup,4,1,6
Lup,4,2,7
Lup,4,3,8
Lup,4,4,9
Lup,4,5,10
Lup,5,1,10
Lup,5,2,11
Lup,5,3,12
Lup,5,4,13
Lup,6,1,4
Lup,6,2,14
Lup,6,3,15
Lup,6,4,17
Lup,6,5,16
Lup,7,1,14
Lup,7,2,18
Lup,7,3,19
Ara,1,1,1
Ara,1,2,2
Ara,2,1,2
Ara,2,2,3
Ara,3,1,3
Ara,3,2,5
Ara,3,3,6
Ara,3,4,4
Ara,4,1,4
Ara,4,2,7
CrA,1,1,1
CrA,1,2,2
CrA,1,3,3
CrA,1,4,4
CrA,1,5,5
CrA,1,6,6
CrA,1,7,7
CrA,1,8,8
CrA,1,9,9
CrA,1,10,10
CrA,1,11,11
CrA,1,12,12
CrA,1,13,13
CrA,1,14,1
PsA,1,1,1
PsA,1,2,2
PsA,1,3,3
PsA,1,4,4
PsA,2,1,4
PsA,2,2,5
PsA,2,3,6
PsA,3,1,6
PsA,3,2,7
PsA,3,3,8
PsA,4,1,4
PsA,4,2,11
PsA,4,3,10
PsA,4,4,9
PsA,5,1,9
PsA,5,2,12
PsA,6,1,6
PsA,6,2,12
